She found the book.	彼女はその本を見つけた。	She (彼女) / found (見つけた) / the (その) / book (本)
Be kind to everyone.	みんなに親切にしてください。	Be (Be) / kind (親切な) / to (へ) / everyone (みんな)
Part of the team.	チームの一員	Part (部分) / of (の) / the (その) / team (チーム)
Tom and Jerry play.	トムとジェリーは遊ぶ。	Tom (トム) / and (そして) / Jerry (ジェリー) / play (遊び)
Let's go to school.	学校に行きましょう。	Let's (レッツ) / go (行こう) / to (へ) / school (学校)
I have a cat.	私は猫を飼っています。	I (私) / have (持っている) / a (一匹の) / cat (猫)
I am in school.	私は学校にいます。	I (私) / am (です) / in (で) / school (学校)
Have a great day.	良い一日をお過ごしください。	Have (持っている) / a (一つの) / great (素晴らしい) / day (日)
It is very cold.	とても寒いです。	It (それ) / is (は) / very (とても) / cold (寒い)
He runs very fast.	彼はとても速く走ります。	He (彼) / runs (走る) / very (とても) / fast (速く)
That is a dog.	それは犬です。	That (それ) / is (です) / a (一つの) / dog (犬)
I am very happy.	私はとても幸せです。	I (私) / am (です) / very (とても) / happy (幸せ)
This gift is for.	この贈り物は...のためです。	This (これ) / gift (贈り物) / is (は) / for (ための)
They are very kind.	彼らはとても親切です。	They (彼ら) / are (です) / very (とても) / kind (親切)
How are you today?	今日はどうですか？	How (どう) / are (です) / you (あなた) / today (今日)?
That is not fair.	それは不公平です。	That (それ) / is (です) / not (ではない) / fair (公平)
The cat is on.	猫が上にいます。	The (ザ) / cat (猫) / is (いる) / on (上)
She is very kind.	彼女はとても親切です。	She (彼女) / is (です) / very (とても) / kind (親切)
Tea with honey helps.	蜂蜜入りの紅茶は役立ちます。	Tea (お茶) / with (と) / honey (蜂蜜) / helps (助ける)
As soon as possible.	できるだけ早く。	As (できるだけ) / soon (早く) / as (できるだけ) / possible (可能な)
This is a book.	これは本です。	This (これ) / is (です) / a (ー) / book (本)
Do your best today.	今日も頑張ってください。	Do (する) / your (あなたの) / best (最善) / today (今日)
We are best friends.	私たちは親友です。	We (私たちは) / are (です) / best (最高の) / friends (友達)
She is at work.	彼女は仕事中です。	She (彼女) / is (は) / at (で) / work (仕事)
Written by John.	ジョンによって書かれました。	Written (書かれた) / by (によって) / John (ジョン)
I like you, but.	あなたのことが好きですが…	I (私) / like (好き) / you (あなた) / but (でも)
She comes from Brazil.	彼女はブラジル出身です。	She (彼女) / comes (来ます) / from (から) / Brazil (ブラジル)
Tea or coffee?	紅茶かコーヒーか？	Tea (お茶) / or (または) / coffee (コーヒー)
Which one is yours?	どれがあなたのものですか？	Which (どれ) / one (一つ) / is (です) / yours (あなたの) / ? (？)
Will you help me?	手伝ってくれますか。	Will (ウィル) / you (あなた) / help (助け) / me (私) / ? (？)
What did you say?	何て言いましたか？	What (何) / did (しました) / you (あなた) / say (言う)
There is a cat.	猫がいます。	There (そこ) / is (です) / a (一匹の) / cat (猫)
One apple, please.	リンゴを一つください。	One (一つ) / apple (りんご) / please (お願いします)
All animals need food.	すべての動物は食べ物を必要とします。	All (すべての) / animals (動物) / need (必要とする) / food (食べ物)
Some cats are playful.	いくつかの猫は遊び好きです。	Some (いくつかの) / cats (猫) / are (は) / playful (遊び好き)
No running in hallways.	廊下を走らないでください。	No (いいえ) / running (走る) / in (で) / hallways (廊下)
You can do it.	あなたならできる。	You (あなた) / can (できる) / do (やる) / it (それ)
If it rains, stay.	雨が降ったら、いてください。	If (もし) / it (それ) / rains (雨が降ったら) / stay (とどまる)
What is your name?	お名前は何ですか？	What (何) / is (ですか) / your (あなたの) / name (名前)
I would try again.	私はもう一度試みます。	I (私) / would (するだろう) / try (試みる) / again (もう一度)
Let's go now.	今すぐ行こう。	Let's (行こう) / go (行く) / now (今)
I am so tired.	とても疲れています。	I (私は) / am (です) / so (とても) / tired (疲れた)
Who is your friend?	あなたの友達は誰ですか？	Who (誰) / is (は) / your (あなたの) / friend (友達)
Let's go out.	出かけましょう。	Let's (レッツ) / go (行こう) / out (外に)
Make a delicious cake.	美味しいケーキを作ってください。	Make (作る) / a (美味しい) / delicious (ケーキ) / cake (ケーキ)
Look up quickly.	すぐに見上げてください。	Look (見て) / up (上) / quickly (すぐに)
Get an apple now.	今すぐリンゴを手に入れてください。	Get (取る)/ an (一つの)/ apple (リンゴ)/ now (今)
When will you arrive?	いつ到着しますか？	When (いつ) / will (の) / you (あなた) / arrive (到着します)
I need more time.	もっと時間が必要です。	I (私) / need (必要) / more (もっと) / time (時間)
Time flies quickly.	時間はあっという間に過ぎる。	Time (時間) / flies (飛ぶ) / quickly (速く)
Tell me about your day.	あなたの一日について教えてください。	Tell (教えて) / me (私に) / about (について) / your (あなたの) / day (日)
I know the answer.	答えを知っています。	I (私) / know (知っている) / the (その) / answer (答え)
I see a blue bird.	青い鳥が見えます。	I (私) / see (見る) / a (一つの) / blue (青い) / bird (鳥)
Use this tool wisely.	このツールを賢く使いなさい。	Use (使う) / this (この) / tool (ツール) / wisely (賢く)
Do you have any questions?	何か質問はありますか？	Do (持っていますか) / you (あなたは) / have (持っていますか) / any (いくつか) / questions (質問)
I have other plans today.	今日は他の予定があります。	I (私) / have (持っている) / other (他の) / plans (予定) / today (今日)
She visits every year.	彼女は毎年訪れます。	She (彼女) / visits (訪れる) / every (毎年) / year (年)
Take a walk with me.	一緒に散歩に行こう。	Take (取る) / a (一つの) / walk (散歩) / with (と一緒に) / me (私)
I work every day.	毎日働いています。	I (私) / work (働く) / every (毎) / day (日)
I have two cats.	私は猫を二匹飼っています。	I (私) / have (持っている) / two (二) / cats (猫)
I think you are right.	あなたの言うことは正しいと思います。	I (私) / think (考える) / you (あなた) / are (は) / right (正しい)
Could you help me please?	手伝っていただけますか？	Could (できる) / you (あなた) / help (助ける) / me (私) / please (お願いします)
I walked into the room.	部屋に入りました。	I (私) / walked (歩いた) / into (に) / the (その) / room (部屋)
I like pizza a lot.	ピザが大好きです。	I (私) / like (好き) / pizza (ピザ) / a lot (たくさん)
I read the book then.	本を読んでから…	I (私) / read (読んだ) / the (その) / book (本) / then (その時)
She sings very well.	彼女はとても上手に歌います。	She (彼女) / sings (歌う) / very (とても) / well (上手に)
I only have five dollars.	私は5ドルしか持っていません。	I (私) / only (だけ) / have (持っている) / five (五) / dollars (ドル)
Come here right now.	今すぐここに来てください。	Come (来る) / here (ここ) / right (すぐ) / now (今)
Yes, I like it.	はい、好きです。	Yes (はい) / I (私) / like (好き) / it (それ)
I am taller than you.	私はあなたより背が高いです。	I (私) / am (です) / taller (より背が高い) / than (より) / you (あなた)
Let's go home now.	今すぐ家に帰ろう。	Let's (いこう) / go (行く) / home (家) / now (今)
He jumped over the fence.	彼は柵を飛び越えた。	He (彼は) / jumped (跳んだ) / over (上に) / the (その) / fence (フェンス)
I got new shoes today.	今日は新しい靴を買いました。	I (私) / got (手に入れた) / new (新しい) / shoes (靴) / today (今日)
Give me the book please.	本をください。	Give (ください) / me (私に) / the (その) / book (本) / please (お願いします)
May I help you?	お手伝いしましょうか？	May (できますか) / I (私) / help (手伝う) / you (あなた)
Just try your best today.	今日できる限りのことを頑張ってみてください。	Just (ただ) / try (試す) / your (あなたの) / best (最善) / today (今日)
He finished first in line.	彼は列の最初に終わりました。	He (彼) / finished (終えた) / first (最初) / in (で) / line (列).
Look at the blue sky.	青い空を見てください。	Look (見る) / at (で) / the (その) / blue (青い) / sky (空)
I also like ice cream.	私もアイスクリームが好きです。	I (私) / also (も) / like (好き) / ice cream (アイスクリーム)
People enjoy sunny beach days.	人々は晴れたビーチの日を楽しみます。	People (人々) / enjoy (楽しむ) / sunny (晴れた) / beach (ビーチ) / days (日)
The movie was very exciting.	映画はとてもワクワクしました。	The (その) / movie (映画) / was (は) / very (とても) / exciting (興奮する)
We eat dinner after sunset.	日没後に夕食をとります。	We (私たちは) / eat (食べます) / dinner (夕食) / after (後に) / sunset (日没)
I laughed because he's funny.	彼が面白いので笑いました。	I (私) / laughed (笑った) / because (なぜなら) / he (彼は) / 's (-) / funny (面白い)
This is the way.	これが道です。	This (これ) / is (です) / the (その) / way (道)
Three cats sat quietly.	3匹の猫が静かに座っていた。	Three (三) / cats (猫) / sat (座っていました) / quietly (静かに)
I will be back.	私は戻ります。	I (私) / will (だろう) / be (いる) / back (戻る)
We should go now.	今すぐ行くべきです。	We (私たち) / should (すべき) / go (行く) / now (今)
Where is your favorite restaurant?	あなたのお気に入りのレストランはどこですか？	Where (どこ) / is (は) / your (あなたの) / favorite (お気に入りの) / restaurant (レストラン)
Day begins with the sunrise.	日は日の出とともに始まります。	Day (日) / begins (始まる) / with (と共に) / the (その) / sunrise (日の出)
Such a beautiful sunset today.	今日の夕日がとても美しいです。	Such (そのような) / a (ひとつの) / beautiful (美しい) / sunset (夕日) / today (今日)
Most people enjoy sunny days.	ほとんどの人は晴れの日を楽しみます。	Most (ほとんど) / people (人々) / enjoy (楽しむ) / sunny (晴れた) / days (日々)
Find the missing puzzle piece.	欠けているパズルのピースを見つけてください。	Find (見つける) / the (その) / missing (欠けている) / puzzle (パズル) / piece (ピース)
The man is very kind.	その男の人はとても親切です。	The (その) / man (男) / is (です) / very (とても) / kind (親切)
How are you today?	今日の調子はいかがですか？	How (どう) / are (です) / you (あなた) / today (今日)?
The sun went down.	日が沈んだ。	The (その) / sun (太陽) / went (行った) / down (下に)
We walked through the park.	私たちは公園を歩きました。	We (私たち) / walked (歩きました) / through (通って) / the (その) / park (公園)
Turn right at the corner.	角を右に曲がってください。	Turn (曲がる) / right (右) / at (で) / the (その) / corner (角)
I need some more sugar.	もう少し砂糖が必要です。	I (私) / need (必要) / some (いくつかの) / more (もっと) / sugar (砂糖)
I want some ice cream.	アイスクリームが欲しいです。	I (私) / want (欲しい) / some (いくつかの) / ice (アイス) / cream (クリーム)
He is mean sometimes.	彼は時々意地悪です。	He (彼) / is (は) / mean (意地悪) / sometimes (時々)
I ate too much cake.	ケーキを食べ過ぎました。	I (私) / ate (食べた) / too (あまりにも) / much (多くの) / cake (ケーキ)
The cat sits between chairs.	猫は椅子と椅子の間に座っています。	The (その) / cat (猫) / sits (座っている) / between (間) / chairs (椅子たち)
Many people love ice cream.	多くの人がアイスクリームを愛しています。	Many (多くの) / people (人々) / love (愛する) / ice (アイス) / cream (クリーム)
Even dogs can learn tricks.	犬でも芸を覚えることができる。	Even (さえ) / dogs (犬) / can (できる) / learn (学ぶ) / tricks (芸)
Think before you speak.	話す前に考えなさい。	Think (考える) / before (前に) / you (あなたが) / speak (話す)
This pizza tastes really good.	このピザは本当においしいです。	This (この) / pizza (ピザ) / tastes (味がする) / really (本当に) / good (良い)
The movie was too long.	映画は長すぎました。	The (その) / movie (映画) / was (は) / too (あまりにも) / long (長かった)
Every child needs a friend.	すべての子供には友達が必要です。	Every (すべての) / child (子ども) / needs (必要とする) / a (1人の) / friend (友達)
I am part of this.	私はその一部です。	I (私) / am (です) / part (一部) / of (の) / this (これ)
Laws govern the entire country.	法律は国全体を統治しています。	Laws (法律) / govern (支配する) / the (その) / entire (全体) / country (国)
This is my last chance.	これが私の最後のチャンスです。	This (これ) / is (は) / my (私の) / last (最後) / chance (チャンス)
The lights are off.	電気が消えている。	The (その) / lights (ライト) / are (が) / off (消えている)
Where is that shiny thing?	あの輝いている物はどこですか。	Where (どこ) / is (です) / that (その) / shiny (光る) / thing (もの) / ? (？)
The kite flew very high.	凧はとても高く飛びました。	The (ザ) / kite (凧) / flew (飛んだ) / very (非常に) / high (高く)
The company has new policies.	会社には新しい方針があります。	The (その) / company (会社) / has (には) / new (新しい) / policies (方針)
Tell her the secret now.	今すぐ彼女に秘密を伝えてください。	Tell (伝える) / her (彼女に) / the (その) / secret (秘密) / now (今)
The child is playing outside.	子供が外で遊んでいます。	The (その) / child (子供) / is (は) / playing (遊んでいる) / outside (外で)
The book is very old.	その本はとても古いです。	The (その) / book (本) / is (は) / very (とても) / old (古い)
The water is still cold.	水はまだ冷たいです。	The (その) / water (水) / is (です) / still (まだ) / cold (冷たい)
I feel happy today.	今日は幸せに感じます。	I (私) / feel (感じる) / happy (幸せ) / today (今日)
The house is very big.	家はとても大きいです。	The (その) / house (家) / is (は) / very (とても) / big (大きい)
She will act surprised.	彼女は驚いたふりをするでしょう。	She (彼女) / will (は) / act (演じる) / surprised (驚いたように)
You did great work.	よくやりました。	You (あなた) / did (しました) / great (素晴らしい) / work (仕事)
You must eat your vegetables.	野菜を食べなければなりません。	You (あなた) / must (する必要がある) / eat (食べる) / your (あなたの) / vegetables (野菜)
Change is always happening.	変化は常に起こっています。	Change (変化) / is (です) / always (いつも) / happening (起こっています).
Show me the latest movie.	最新の映画を見せて。	Show (見せて) / me (私に) / the (その) / latest (最新の) / movie (映画)
Four cats sat on chairs.	4匹の猫が椅子に座っていました。	Four (四) / cats (猫) / sat (座った) / on (の上に) / chairs (椅子)
This place is very beautiful.	この場所はとても美しいです。	This (この) / place (場所) / is (は) / very (とても) / beautiful (美しい).
I own a blue bicycle.	青い自転車を持っています。	I (私) / own (持っている) / a (一台の) / blue (青い) / bicycle (自転車)
He will lead the team.	彼がチームを率いる。	He (彼) / will (だろう) / lead (導く) / the (その) / team (チーム)
Here is your new book.	こちらがあなたの新しい本です。	Here (ここ) / is (です) / your (あなたの) / new (新しい) / book (本)
Put the book down gently.	本を優しく置いてください。	Put (置く) / the (その) / book (本) / down (下に) / gently (優しく)
Both options are available today.	両方のオプションが今日利用可能です。	Both (どちらも) / options (オプション) / are (あります) / available (利用可能) / today (今日)
They arrived at the end.	彼らは終わりに到着した。	They (彼ら) / arrived (到着した) / at (で) / the (その) / end (終わり)
This coffee is too hot.	このコーヒーは熱すぎる。	This (この) / coffee (コーヒー) / is (は) / too (あまりに) / hot (熱い)
I have five red apples.	私は赤いリンゴを5つ持っています。	I (私) / have (持っている) / five (五つの) / red (赤い) / apples (リンゴ)
Hello, Mister Smith.	こんにちは、スミスさん。	Hello (こんにちは) / Mister (ミスター) / Smith (スミス)
Dreams can become reality.	夢は現実になることができる。	Dreams (夢) / can (できる) / become (なる) / reality (現実)
She arrived late again today.	彼女は今日もまた遅れて到着しました。	She (彼女) / arrived (到着した) / late (遅く) / again (また) / today (今日).
Let’s move the table.	テーブルを動かしましょう。	Let’s (さあ) / move (動かそう) / the (その) / table (テーブル)
I will call you later.	後で電話します。	I (私) / will (だろう) / call (電話する) / you (あなた) / later (あとで)
He made a good point.	彼は良い点を指摘しました。	He (彼) / made (作った) / a (一つの) / good (良い) / point (点)
The system is not working.	システムが動作していません。	The (その) / system (システム) / is (は) / not (ない) / working (動作している)
The detective opened the case.	探偵は事件を開いた。	The (その) / detective (探偵) / opened (開けた) / the (その) / case (ケース)
The cat is under table.	猫はテーブルの下にいます。	The (ザ) / cat (猫) / is (は) / under (下) / table (テーブル)
The group arrives early today.	グループは今日早く到着します。	The (その) / group (グループ) / arrives (到着する) / early (早く) / today (今日)
Follow the yellow brick road.	黄色いレンガの道を辿ってください。	Follow (フォロー) / the (ザ) / yellow (イエロー) / brick (ブリック) / road (ロード)
The cat is very little.	猫はとても小さい。	The (ザ) / cat (猫) / is (です) / very (非常に) / little (小さい)
Children love to play outside.	子供たちは外で遊ぶのが大好きです。	Children (子供) / love (愛する) / to (に) / play (遊ぶ) / outside (外で)
Please wash your hands properly.	きちんと手を洗ってください。	Please (お願いします) / wash (洗って) / your (あなたの) / hands (手) / properly (適切に)
The number is too high.	その数が高すぎます。	The (その) / number (数) / is (は) / too (あまりに) / high (高い)
We wore the same shirt.	私たちは同じシャツを着ました。	We (私たち) / wore (着ました) / the (その) / same (同じ) / shirt (シャツ)
You seem very happy today.	今日はとても幸せそうですね。	You (あなた) / seem (見える) / very (とても) / happy (幸せ) / today (今日)
She is a kind woman.	彼女は優しい女性です。	She (彼女) / is (です) / a (一人の) / kind (親切な) / woman (女性)
Wait here while I go.	私が行く間、ここで待っていてください。	Wait (待って) / here (ここで) / while (間に) / I (私が) / go (行く)
The world is very big.	世界はとても大きい。	The (その) / world (世界) / is (は) / very (とても) / big (大きい)
Each student received a book.	各学生に本が配られました。	Each (各) / student (学生) / received (受け取りました) / a (一冊の) / book (本).
He will state his opinion.	彼は自分の意見を述べるでしょう。	He (彼) / will (は) / state (述べる) / his (彼の) / opinion (意見)
I manage the team well.	私はチームをうまく管理しています。	I (私) / manage (管理する) / the (その) / team (チーム) / well (うまく)
I'm going home now.	今から家に帰ります。	I'm (私) / going (行く) / home (家) / now (今)
I love cats; however, allergies.	猫が大好きですが、アレルギーが…	I (私) / love (愛する) / cats (猫) / however (しかし) / allergies (アレルギー)
It might rain tomorrow.	明日は雨が降るかもしれません。	It (それは) / might (かもしれない) / rain (雨が降る) / tomorrow (明日)
Set the table now.	今すぐ食卓を整えてください。	Set (セット) / the (その) / table (テーブル) / now (今)
Let's try another restaurant.	別のレストランを試してみましょう。	Let's (レッツ) / try (試してみよう) / another (別の) / restaurant (レストラン)
This area is very quiet.	この地域はとても静かです。	This (この) / area (地域) / is (は) / very (とても) / quiet (静か)
Life is full of surprises.	人生は驚きに満ちている。	Life (人生) / is (は) / full (満ちている) / of (の) / surprises (驚き)
Can I ask a question?	質問してもいいですか？	Can (できます) / I (私) / ask (尋ねる) / a (一つの) / question (質問) /?
Write your name here, please.	ここに名前を書いてください。	Write (書く) / your (あなたの) / name (名前) / here (ここに) / please (お願いします)
Can you help me?	手伝ってくれますか？	Can (できる) / you (あなた) / help (助ける) / me (私)
Art sparks interest in children.	アートは子供たちに興味を引き起こします。	Art (アート) / sparks (火花) / interest (興味) / in (に) / children (子供)
Hold my hand, please.	手をつないでください。	Hold (持って) / my (私の) / hand (手) / please (お願いします)
Anything is possible with effort.	努力すれば何でも可能です。	Anything (何でも) / is (が) / possible (可能) / with (で) / effort (努力)
Let's try again tomorrow.	また明日挑戦しましょう。	Let's (やってみましょう) / try (試す) / again (また) / tomorrow (明日)
The course starts next Monday.	コースは次の月曜日に始まります。	The (その) / course (コース) / starts (始まります) / next (次の) / Monday (月曜日)
I will pay tomorrow.	明日支払います。	I (私) / will (〜する) / pay (払う) / tomorrow (明日)
He solved the problem quickly.	彼はその問題をすぐに解決した。	He (彼) / solved (解決した) / the (その) / problem (問題) / quickly (素早く).
The service was excellent.	サービスは素晴らしかったです。	The (その) / service (サービス) / was (は) / excellent (素晴らしい)
I relate to your story.	あなたの話に共感します。	I (私) / relate (関係する) / to (に) / your (あなたの) / story (話)
I read the report.	レポートを読みました。	I (私) / read (読む) / the (その) / report (報告書)
The dog is large.	犬は大きい。	The (その) / dog (犬) / is (は) / large (大きい)
Please fill this form.	このフォームに記入してください。	Please (ください) / fill (記入) / this (この) / form (用紙)
I leaned against the wall.	私は壁に寄りかかった。	I (私) / leaned (もたれた) / against (に) / the (その) / wall (壁)
Try your best today.	今日も全力を尽くして。	Try (試す) / your (あなたの) / best (最善) / today (今日)
Please open the door.	ドアを開けてください。	Please (お願いします) / open (開けて) / the (その) / door (ドア)
I will meet you there.	そこで会いましょう。	I (私) / will (します) / meet (会う) / you (あなた) / there (そこ)
I walk to school daily.	私は毎日学校に歩いて行きます。	I (私) / walk (歩く) / to (に) / school (学校) / daily (毎日)
He is a general manager.	彼は総支配人です。	He (彼) / is (は) / a (一人の) / general (総) / manager (マネージャー)
Turn left at the corner.	角を左に曲がってください。	Turn (曲がって) / left (左) / at (で) / the (その) / corner (角)
She attended the birthday party.	彼女は誕生日パーティーに出席した。	She (彼女) / attended (参加した) / the (その) / birthday (誕生日) / party (パーティー)
She likes to run fast.	彼女は速く走るのが好きです。	She (彼女) / likes (好む) / to (-) / run (走る) / fast (速く)
Our nation values freedom highly.	私たちの国は自由を非常に重んじています。	Our (我々の) / nation (国) / values (重視する) / freedom (自由) / highly (高く)
She is a team member.	彼女はチームメンバーです。	She (彼女) / is (です) / a (一) / team (チーム) / member (メンバー)
She stood in the centre.	彼女は中心に立っていた。	She (彼女) / stood (立っていた) / in (で) / the (その) / centre (中心)
I will never forget you.	あなたのことを決して忘れません。	I (私) / will (意志) / never (決して) / forget (忘れない) / you (あなたを)
The cat is very small.	猫はとても小さい。	The (ザ) / cat (猫) / is (です) / very (とても) / small (小さい)
They build a new house.	彼らは新しい家を建てます。	They (彼ら) / build (建てる) / a (新しい) / new (新しい) / house (家)
We live in New York.	私たちはニューヨークに住んでいます。	We (私たち) / live (住んでいる) / in (で) / New York (ニューヨーク)
Start the car now.	今すぐ車を始動させてください。	Start (スタート) / the (ザ) / car (車) / now (今)
I woke up early today.	今日は早く起きました。	I (私) / woke (起きた) / up (上がる) / early (早く) / today (今日)
Keep the door closed.	ドアを閉めたままにしてください。	Keep (キープ) / the (ザ) / door (ドア) / closed (閉じる)
I like this particular book.	私はこの特定の本が好きです。	I (私) / like (好き) / this (この) / particular (特定の) / book (本)
See you next week.	また来週お会いしましょう。	See (また) / you (お会いし) / next (次) / week (週)
She finished in second place.	彼女は2位で終わった。	She (彼女は) / finished (終えた) / in (で) / second (2位) / place (場所)
Begin your journey today.	今日から旅を始めよう。	Begin (始める) / your (あなたの) / journey (旅) / today (今日)
She shook her head slowly.	彼女はゆっくりと頭を振った。	She (彼女) / shook (振った) / her (彼女の) / head (頭) / slowly (ゆっくりと)
The local market opens early.	地元の市場は早く開きます。	The (その) / local (地元の) / market (市場) / opens (開く) / early (早く)
The person is kind.	その人は親切です。	The (その) / person (人) / is (は) / kind (親切)
I want to win today.	今日勝ちたいです。	I (私は) / want (欲しい) / to (に) / win (勝つ) / today (今日)
We have different interests.	私たちは異なる興味を持っています。	We (私たち) / have (持っている) / different (異なる) / interests (興味)
I have changed a lot since.	私はそれ以来、大きく変わりました。	I (私) / have (持っている) / changed (変えた) / a (一つの) / lot (たくさん) / since (以来)
Knowledge is power for everyone.	知識はすべての人にとって力です。	Knowledge (知識) / is (は) / power (力) / for (ために) / everyone (皆)
Why are you so late?	なぜこんなに遅れたのですか？	Why (なぜ) / are (ですか) / you (あなたは) / so (そんなに) / late (遅い)
I love my country.	私は自分の国を愛しています。	I (私) / love (愛する) / my (私の) / country (国)
We need a plan.	私たちには計画が必要です。	We (私たち) / need (必要がある) / a (一つの) / plan (計画)
The cat ran away.	猫が逃げた。	The (その) / cat (猫) / ran (走った) / away (逃げた)
The sky is clear today.	今日は空が晴れています。	The (その) / sky (空) / is (は) / clear (晴れた) / today (今日)
She smiled in his face.	彼の顔を見て彼女は微笑んだ。	She (彼女) / smiled (微笑んだ) / in (で) / his (彼の) / face (顔)
Please add some sugar.	砂糖を少し入れてください。	Please (ください) / add (加えて) / some (少し) / sugar (砂糖)
He left the room quietly.	彼は静かに部屋を出た。	He (彼) / left (去った) / the (その) / room (部屋) / quietly (静かに)
She is able to drive.	彼女は運転することができます。	She (彼女) / is (は) / able (できる) / to (に) / drive (運転する)
I will order pizza.	ピザを注文します。	I (私) / will (つもり) / order (注文する) / pizza (ピザ)
The term starts tomorrow.	学期は明日から始まります。	The (その) / term (学期) / starts (始まります) / tomorrow (明日)
I support your decision.	あなたの決定を支持します。	I (私) / support (支持する) / your (あなたの) / decision (決定)
I really like this book.	この本が本当に好きです。	I (私は) / really (本当に) / like (好きです) / this (この) / book (本)
Few clouds were visible today.	今日は雲がほとんど見えませんでした。	Few (少しの) / clouds (雲) / were (いた) / visible (見える) / today (今日)
I am certain about this.	私はこれについて確信しています。	I (私) / am (です) / certain (確信している) / about (について) / this (これ)
She bought six red apples.	彼女は赤いリンゴを6個買った。	She (彼女) / bought (買った) / six (六) / red (赤い) / apples (リンゴ)
I will inform him tomorrow.	明日彼に知らせます。	I (私) / will (します) / inform (知らせます) / him (彼に) / tomorrow (明日)
Help is within your reach.	助けはあなたの手の届くところにあります。	Help (ヘルプ) / is (です) / within (以内) / your (あなたの) / reach (手の届く範囲)
They employ new workers frequently.	彼らは頻繁に新しい労働者を雇います。	They (彼ら) / employ (雇う) / new (新しい) / workers (労働者) / frequently (頻繁に)
Please sit in the next.	次にお座りください。	Please (お願いします) / sit (座って) / in (で) / the (その) / next (次の)
I read a book daily.	私は毎日本を読みます。	I (私は) / read (読む) / a (を) / book (本) / daily (毎日)
I wrote a word today.	今日、言葉を書きました。	I (私) / wrote (書いた) / a (1つの) / word (単語) / today (今日)
She left without saying goodbye.	彼女はさよならを言わずに去った。	She (彼女) / left (去った) / without (なしで) / saying (言うことを) / goodbye (さようなら).
She always wakes up early.	彼女はいつも早起きします。	She (彼女) / always (いつも) / wakes (起きる) / up (起きる) / early (早く)
It is sunny, though cold.	寒いけれども、日が出ています。	It (それは) / is (です) / sunny (晴れ) / though (けれども) / cold (寒い)
Can I ask a question?	質問してもいいですか？	Can (できます) / I (私) / ask (尋ねる) / a (一つの) / question (質問)
I care about your health.	あなたの健康を気にしています。	I (私) / care (気にかける) / about (について) / your (あなたの) / health (健康)
Rain fell during the night.	夜の間に雨が降りました。	Rain (雨) / fell (降った) / during (の間に) / the (その) / night (夜)
Let's walk around the park.	公園を歩きましょう。	Let's (さあ) / walk (歩こう) / around (周り) / the (その) / park (公園)
She went to market.	彼女は市場に行きました。	She (彼女) / went (行った) / to (に) / market (市場)
December is a cold month.	12月は寒い月です。	December (12月) / is (です) / a () / cold (寒い) / month (月)
The glass is full now.	グラスは今いっぱいです。	The (その) / glass (グラス) / is (は) / full (いっぱい) / now (今)
Although it was raining, we...	雨が降っていたが、私たちは…。	Although (にもかかわらず) / it (それ) / was (いた) / raining (雨が降っていた), / we (私たちは)
He lost control quickly.	彼はすぐに制御を失った。	He (彼) / lost (失った) / control (制御) / quickly (素早く)
Bring your book tomorrow.	明日、本を持ってきてください。	Bring (持ってくる) / your (あなたの) / book (本) / tomorrow (明日)
I love my family too.	私も家族を愛しています。	I (私) / love (愛する) / my (私の) / family (家族) / too (も)
She stood by his side.	彼女は彼のそばに立っていた。	She (彼女) / stood (立っていた) / by (そばに) / his (彼の) / side (横に)
He stated a simple fact.	彼は単純な事実を述べた。	He (彼) / stated (述べた) / a (一つの) / simple (簡単な) / fact (事実)
What is your name?	お名前は何ですか？	What (何) / is (は) / your (あなたの) / name (名前)
I study every morning.	毎朝勉強します。	I (私) / study (勉強する) / every (毎) / morning (朝)
The water level rose quickly.	水位が急速に上昇した。	The (その) / water (水) / level (レベル) / rose (上昇した) / quickly (早く)
I would rather stay home.	家にいたいです。	I (私) / would (したい) / rather (むしろ) / stay (滞在する) / home (家)
She has a valid reason.	彼女には正当な理由があります。	She (彼女) / has (持っている) / a (一つ) / valid (正当な) / reason (理由)
I need less sugar.	砂糖を減らす必要があります。	I (私) / need (必要) / less (より少ない) / sugar (砂糖)
The school is far away.	学校は遠いです。	The (その) / school (学校) / is (は) / far (遠い) / away (離れている)
The young kittens chased butterflies.	若い子猫たちは蝶々を追いかけました。	The (その) / young (若い) / kittens (子猫たち) / chased (追いかけた) / butterflies (蝶たち)
The street was very busy.	通りはとても賑やかでした。	The (その) / street (通り) / was (は) / very (とても) / busy (賑やか)
Life must continue every day.	人生は毎日続けなければならない。	Life (命) / must (必要がある) / continue (続く) / every (毎) / day (日).
The library is public space.	図書館は公共の空間です。	The (その) / library (図書館) / is (は) / public (公共の) / space (空間)
Water is important for life.	水は生命にとって重要です。	Water (水) / is (です) / important (重要) / for (のため) / life (生命)
I agree with your idea.	あなたの考えに賛成です。	I (私) / agree (賛成します) / with (に) / your (あなたの) / idea (考え)
Let's talk about it.	それについて話しましょう。	Let's (話しましょう) / talk (話す) / about (について) / it (それ)
Wait until the bell rings.	ベルが鳴るまで待ってください。	Wait (待つ) / until (まで) / the (その) / bell (鐘) / rings (鳴る)
She is quite talented.	彼女はかなり才能があります。	She (彼女) / is (は) / quite (非常に) / talented (才能がある)
The cost is too high.	費用が高すぎます。	The (その) / cost (コスト) / is (は) / too (あまりに) / high (高い)
The water is cold.	水が冷たい。	The (その) / water (水) / is (は) / cold (冷たい)
She has blue eye.	彼女は青い目をしている。	She (彼女) / has (持っている) / blue (青い) / eye (目)
I read a great book.	素晴らしい本を読みました。	I (私) / read (読んだ) / a (一冊の) / great (素晴らしい) / book (本)
He owns a successful business.	彼は成功したビジネスを所有しています。	He (彼) / owns (所有する) / a (一つの) / successful (成功した) / business (ビジネス)
Plants grow in the garden.	植物が庭で育つ。	Plants (植物) / grow (育つ) / in (に) / the (その) / garden (庭).
The night sky is beautiful.	夜空は美しいです。	The (その) / night (夜) / sky (空) / is (は) / beautiful (美しい)
I hear music playing outside.	外で音楽が流れているのが聞こえます。	I (私) / hear (聞く) / music (音楽) / playing (演奏している) / outside (外で)
Consider changing your daily routine.	あなたの日常生活を変えることを検討してください。	Consider (考慮する) / changing (変更する) / your (あなたの) / daily (日々の) / routine (習慣) / .
I expect a big surprise.	大きな驚きを期待しています。	I (私) / expect (期待する) / a (大きな) / big (大きな) / surprise (驚き)
I speak three different languages.	私は3つの異なる言語を話します。	I (私) / speak (話す) / three (三つの) / different (異なる) / languages (言語)
She is my best friend.	彼女は私の親友です。	She (彼女) / is (です) / my (私の) / best (最高の) / friend (友達)
The base of the tower.	塔の基部	The (その) / base (基部) / of (の) / the (その) / tower (塔)
I missed the last train.	終電を逃しました。	I (私) / missed (逃した) / the (その) / last (最終) / train (電車)
Stand in line, please.	列に並んでください。	Stand (立っている) / in (中で) / line (行) / please (お願いします)
Half of the cake remains.	ケーキの半分が残っています。	Half (半分) / of (の) / the (その) / cake (ケーキ) / remains (残っている).
The school is near here.	学校はこの近くにあります。	The (その) / school (学校) / is (は) / near (近く) / here (ここ)
She used force to open.	彼女は力を使って開けました。	She (彼女) / used (使った) / force (力) / to (に) / open (開ける)
Nature is beautiful and calming.	自然は美しく、心を落ち着かせます。	Nature (自然) / is (は) / beautiful (美しい) / and (そして) / calming (落ち着く)
They offer free coffee today.	今日は無料のコーヒーを提供しています。	They (彼ら) / offer (提供する) / free (無料の) / coffee (コーヒー) / today (今日)
Money buys us nice things.	お金は私たちに素敵なものを買ってくれます。	Money (お金) / buys (買う) / us (私たちに) / nice (素敵な) / things (もの)
I stand by my decision.	私は自分の決断を支持します。	I (私) / stand (立つ) / by (によって) / my (私の) / decision (決定)
She is a prominent figure.	彼女は著名な人物です。	She (彼女) / is (です) / a (一人の) / prominent (著名な) / figure (人物).
This room feels very cozy.	この部屋はとても居心地が良いです。	This (この) / room (部屋) / feels (感じる) / very (とても) / cozy (居心地の良い)
Cats often nap in sunlight.	猫はよく日なたで昼寝をします。	Cats (猫) / often (しばしば) / nap (昼寝をする) / in (で) / sunlight (日光)
The view is breathtaking.	景色は息を呑むほど美しいです。	The (その) / view (景色) / is (は) / breathtaking (素晴らしい)
I once visited Paris.	私はかつてパリを訪れました。	I (私は) / once (一度) / visited (訪れました) / Paris (パリ)
Parents allow late night movies.	親は深夜映画を許可します。	Parents (親) / allow (許可する) / late (遅い) / night (夜) / movies (映画)
I teach math.	私は数学を教えています。	I (私) / teach (教える) / math (数学)
Stars appear at night.	星は夜に現れる。	Stars (星) / appear (現れる) / at (で) / night (夜)
Let us go outside.	外に行きましょう。	Let (レッツ) / us (私たち) / go (行く) / outside (外)
Dogs involve in herding sheep.	犬は羊を追うのに関わっている。	Dogs (犬) / involve (関与する) / in (で) / herding (牧羊) / sheep (羊)
Let's walk further ahead.	もっと先に進みましょう。	Let's (さあ) / walk (歩きましょう) / further (さらに) / ahead (先へ)
I will leave now.	今から出発します。	I (私) / will (する) / leave (出発する) / now (今)
I will record everything.	すべてを記録します。	I (私) / will (する) / record (記録する) / everything (全て)
Respect the law always.	常に法律を尊重しなさい。	Respect (尊重) / the (その) / law (法律) / always (常に)
This cake tastes the best.	このケーキは最高に美味しい。	This (この) / cake (ケーキ) / tastes (の味がする) / the (最も) / best (良い)
This issue is important.	この問題は重要です。	This (この) / issue (問題) / is (は) / important (重要です)
Teachers educate young students daily.	教師は毎日若い学生を教育します。	Teachers (先生たち) / educate (教育する) / young (若い) / students (生徒たち) / daily (毎日)
I wonder whether it works.	うまくいくのだろうか。	I (私) / wonder (思う) / whether (かどうか) / it (それ) / works (機能する)
I believe in you.	あなたを信じています。	I (私) / believe (信じる) / in (に) / you (あなた)
The ball is round.	ボールは丸い。	The (ザ) / ball (ボール) / is (は) / round (丸い)
This apple tastes better.	このリンゴはもっと美味しい。	This (この) / apple (りんご) / tastes better (より美味しい).
This book is real interesting.	この本は本当に面白いです。	This (この) / book (本) / is (です) / real (本当に) / interesting (面白い)
The court heard the case.	裁判所はその事件を審理しました。	The (その) / court (裁判所) / heard (聞いた) / the (その) / case (事件)
I drive my car daily.	毎日自分の車を運転します。	I (私) / drive (運転する) / my (私の) / car (車) / daily (毎日)
Today is a special occasion.	今日は特別な日です。	Today (今日は) / is (は) / a (特別な) / special (特別な) / occasion (機会)
What is the interest rate?	金利は何ですか？	What (何) / is (です) / the (その) / interest (利子) / rate (率)
Math is sometimes very difficult.	数学は時々とても難しいです。	Math (数学) / is (は) / sometimes (時々) / very (非常に) / difficult (難しい)
This problem is simple.	この問題は簡単です。	This (この) / problem (問題) / is (は) / simple (簡単)
I love my new book.	新しい本が大好きです。	I (私) / love (愛する) / my (私の) / new (新しい) / book (本)
I suggest you try again.	もう一度試してみることをお勧めします。	I (私) / suggest (提案します) / you (あなた) / try (試して) / again (再び)
I joined the programme today.	今日、そのプログラムに参加しました。	I (私) / joined (参加した) / the (その) / programme (プログラム) / today (今日)
It isn't over yet.	まだ終わっていない。	It (それは) / isn't (ではない) / over (終わり) / yet (まだ)
Hope for the best tomorrow.	明日に最高の希望を持ってください。	Hope (希望) / for (のために) / the (その) / best (最善) / tomorrow (明日)
Her main concern is safety.	彼女の主な関心事は安全です。	Her (彼女の) / main (主な) / concern (関心事) / is (です) / safety (安全)
The dog is very big.	犬はとても大きいです。	The (ザ) / dog (犬) / is (です) / very (非常に) / big (大きい)
Perhaps it will rain tomorrow.	明日は雨が降るかもしれません。	Perhaps (おそらく) / it (それ) / will (なる) / rain (雨) / tomorrow (明日)
I will return tomorrow.	明日戻ります。	I (私) / will (します) / return (戻ります) / tomorrow (明日)
The drinks are free today.	今日は飲み物が無料です。	The (その) / drinks (飲み物) / are (は) / free (無料) / today (今日)
I understand your concern.	ご心配を理解しています。	I (私) / understand (理解する) / your (あなたの) / concern (懸念)
I already did that task.	もうその作業を終えました。	I (私) / already (すでに) / did (した) / that (その) / task (タスク)
The light is very bright.	光がとても明るい。	The (ザ) / light (光) / is (です) / very (非常に) / bright (明るい)
We made a great deal.	素晴らしい取引ができました。	We (私たち) / made (作った) / a (1つの) / great (素晴らしい) / deal (取引)
War affects many innocent lives.	戦争は多くの無実の命に影響を及ぼします。	War (戦争) / affects (影響を与える) / many (多くの) / innocent (無実の) / lives (命)
She will carry that bag.	彼女はそのバッグを運ぶでしょう。	She (彼女) / will (する) / carry (運ぶ) / that (その) / bag (バッグ)
Open your mind to possibilities.	可能性に心を開いてください。	Open (開いて) / your (あなたの) / mind (心) / to (に) / possibilities (可能性)
The body needs rest daily.	体は毎日休息を必要とします。	The (その) / body (体) / needs (必要とする) / rest (休息) / daily (毎日)
Age is just a number.	年齢はただの数字です。	Age (年齢) / is (は) / just (ただの) / a (ひとつの) / number (数字)
Main roads are often busy.	主要な道路はしばしば混雑しています。	Main (メイン) / roads (道路) / are (が) / often (よく) / busy (混雑している)
Leaves fall in autumn.	秋には葉が落ちる。	Leaves (葉) / fall (落ちる) / in (で) / autumn (秋)
Close the door, please.	ドアを閉めてください。	Close (閉めて) / the (その) / door (ドア) / please (お願いします)
The whole cake is gone.	ケーキが全部なくなった。	The (その) / whole (全体) / cake (ケーキ) / is (が) / gone (なくなった)
The actual cost surprised everyone.	実際の費用は皆を驚かせました。	The (その) / actual (実際の) / cost (費用) / surprised (驚かせた) / everyone (みんな)
She loves her new job.	彼女は新しい仕事が大好きです。	She (彼女は) / loves (愛しています) / her (彼女の) / new (新しい) / job (仕事)
The road is very long.	道はとても長いです。	The (その) / road (道) / is (は) / very (とても) / long (長い)
Wait an hour, please.	１時間待ってください。	Wait (待って) / an (一) / hour (時間), / please (お願いします).
She has a lot.	彼女にはたくさんあります。	She (彼女) / has (持っている) / a (たくさんの) / lot (多く)
I drive to work daily.	私は毎日車で仕事に行きます。	I (私) / drive (運転する) / to (へ) / work (仕事) / daily (毎日)
That's a great idea!	それは素晴らしい考えです！	That's (それは) / a (一つの) / great (素晴らしい) / idea (考え)
I have eight red apples.	私は赤いリンゴを8個持っています。	I (私は) / have (持っています) / eight (八) / red (赤い) / apples (りんご)
Accidents happen when you're careless.	不注意だと事故が起きる。	Accidents (事故) / happen (起こる) / when (とき) / you're (あなたが) / careless (不注意な)
History is full of stories.	歴史は物語に満ちています。	History (歴史) / is (は) / full (満ちている) / of (の) / stories (物語)
What is the price?	価格はいくらですか？	What (何) / is (です) / the (その) / price (価格)?
Experience teaches us valuable lessons.	経験は貴重な教訓を教えてくれます。	Experience (経験) / teaches (教える) / us (私たち) / valuable (貴重な) / lessons (教訓)
The project is complete.	プロジェクトは完了しました。	The (ザ) / project (プロジェクト) / is (は) / complete (完了).
This is the final call.	これは最終の呼び出しです。	This (これ) / is (です) / the (この) / final (最後の) / call (呼び出し)
Buy some fresh fruit today.	今日、新鮮な果物を買いましょう。	Buy (買う) / some (いくつかの) / fresh (新鮮な) / fruit (果物) / today (今日)
She opened the front door.	彼女は玄関のドアを開けた。	She (彼女) / opened (開けた) / the (その) / front (前の) / door (ドア)
It does not matter now.	今はもう関係ない。	it (それ) / does (する) / not (ない) / matter (問題) / now (今)
She arrived later than usual.	彼女はいつもより遅く到着しました。	She (彼女) / arrived (到着した) / later (遅く) / than (より) / usual (通常)
I have enough money today.	今日は十分なお金があります。	I (私) / have (持っている) / enough (十分な) / money (お金) / today (今日)
The subject is interesting.	その主題は興味深いです。	The (その) / subject (主題) / is (は) / interesting (面白い)
The test was easy.	テストは簡単でした。	The (その) / test (テスト) / was (は) / easy (簡単).
Art inspires creativity and imagination.	アートは創造力と想像力を刺激します。	Art (アート) / inspires (触発する) / creativity (創造性) / and (と) / imagination (想像力)
She has nine colorful balloons.	彼女は9つの色とりどりの風船を持っています。	She (彼女) / has (持っている) / nine (九つ) / colorful (カラフルな) / balloons (風船)
I ate a bit more.	もう少し食べました。	I (私) / ate (食べた) / a (少し) / bit (ちょっと) / more (もっと)
Rain can cause floods.	雨は洪水を引き起こすことがあります。	Rain (雨) / can (できる) / cause (引き起こす) / floods (洪水)
I am not sure.	よく分かりません。	I (私) / am (です) / not (ない) / sure (確信)
Please sit on the chair.	椅子に座ってください。	Please (お願いします) / sit (座って) / on (に) / the (その) / chair (椅子)
Almost everyone loves ice cream.	ほとんどの人がアイスクリームを愛しています。	Almost (ほとんど) / everyone (みんな) / loves (愛している) / ice cream (アイスクリーム)
She was the least tired.	彼女は最も疲れていなかった。	She (彼女) / was (でした) / the (その) / least (最も少ない) / tired (疲れた)
Don't lose your keys again.	鍵をまたなくさないで。	Don't (しない) / lose (失う) / your (あなたの) / keys (鍵) / again (また)
I walk to school daily.	私は毎日学校に歩いて行きます。	I (私) / walk (歩く) / to (に) / school (学校) / daily (毎日)
It will probably rain today.	今日は多分雨が降るでしょう。	It (それ) / will (でしょう) / probably (多分) / rain (雨が降る) / today (今日)
Temperatures rise in the summer.	夏に気温が上昇する。	Temperatures (温度) / rise (上がる) / in (で) / the (その) / summer (夏)
I enjoy my English class.	私は英語の授業を楽しんでいます。	I (私) / enjoy (楽しむ) / my (私の) / English (英語) / class (授業)
She reached the top first.	彼女が最初に頂上に到達した。	She (彼女) / reached (達した) / the (その) / top (頂上) / first (最初)
We work on projects together.	私たちは一緒にプロジェクトに取り組んでいます。	We (私たち) / work (働く) / on (上で) / projects (プロジェクト) / together (一緒に)
Sort the papers alphabetically.	書類をアルファベット順に並べ替えてください。	Sort (ソート) / the (ザ) / papers (ペーパー) / alphabetically (アルファベット順に)
I visit my grandparents monthly.	私は毎月祖父母を訪れます。	I (私) / visit (訪問する) / my (私の) / grandparents (祖父母) / monthly (毎月)
Let's share the cake.	ケーキを分けましょう。	Let's (さあ) / share (分ける) / the (その) / cake (ケーキ)
Wait a minute, please.	ちょっと待ってください。	Wait (待って) / a (一分) / minute (分), / please (お願いします)
Meet me at the office.	オフィスで会いましょう。	Meet (会う) / me (私を) / at (で) / the (その) / office (オフィス)
I draw every Sunday afternoon.	私は毎週日曜日の午後に絵を描きます。	I (私) / draw (描く) / every (毎) / Sunday (日曜日) / afternoon (午後)
The exam was hard today.	今日の試験は難しかったです。	The (その) / exam (試験) / was (は) / hard (難しかった) / today (今日)
Health is very important.	健康は非常に重要です。	Health (健康) / is (は) / very (非常に) / important (重要です)
Cover the pot now.	今すぐ鍋に蓋をしてください。	Cover (覆う) / the (その) / pot (鍋) / now (今)
She decided to accept help.	彼女は助けを受け入れることに決めた。	She (彼女) / decided (決めた) / to (に) / accept (受け入れる) / help (助け)
Seven cats play outside today.	今日は7匹の猫が外で遊んでいます。	Seven (セブン) / cats (猫) / play (遊ぶ) / outside (外で) / today (今日)
Her mother is very kind.	彼女のお母さんはとても優しいです。	Her (彼女の) / mother (母) / is (です) / very (とても) / kind (親切)
The plane will land soon.	飛行機はもうすぐ着陸します。	The (その) / plane (飛行機) / will (は) / land (着陸する) / soon (すぐに)
Math is my major subject.	数学は私の専攻です。	Math (数学) / is (です) / my (私の) / major (専攻) / subject (科目)
He works at the bank.	彼は銀行で働いています。	He (彼) / works (働いています) / at (で) / the (その) / bank (銀行)
Let's take a break.	休憩しましょう。	Let's (さあ) / take (取る) / a (一つの) / break (休憩)
The movie was too short.	映画は短すぎました。	The (その) / movie (映画) / was (は) / too (あまりにも) / short (短かった)
She is very kind.	彼女はとても親切です。	She (彼女) / is (です) / very (とても) / kind (親切)
She walked toward the sunset.	彼女は夕日に向かって歩いた。	She (彼女) / walked (歩いた) / toward (向かって) / the (その) / sunset (夕日)
Please note the changes.	変更に注意してください。	Please (お願いします) / note (注意) / the (その) / changes (変更)
This painting costs a million.	この絵画は100万ドルします。	This (この) / painting (絵) / costs (値段は) / a (一) / million (百万)
The police helped us.	警察が私たちを助けてくれました。	The (その) / police (警察) / helped (助けた) / us (私たち)
The cat changed position frequently.	猫は頻繁に位置を変えました。	The (ザ) / cat (猫) / changed (変えた) / position (位置) / frequently (頻繁に)
She cut the cake.	彼女はケーキを切った。	She (彼女) / cut (切った) / the (その) / cake (ケーキ)
The river is very wide.	川はとても広い。	The (その) / river (川) / is (は) / very (非常に) / wide (広い)
Please stop talking now.	今すぐ話すのをやめてください。	Please (お願いします) / stop (やめて) / talking (話す) / now (今)
Follow the rule carefully.	ルールに注意深く従ってください。	Follow (フォロー) / the (ザ) / rule (ルール) / carefully (注意深く)
New York is a city.	ニューヨークは都市です。	New (新しい) / York (ヨーク) / is (です) / a (一つの) / city (都市)
I read a recent article.	最近の記事を読みました。	I (私) / read (読んだ) / a (ある) / recent (最近の) / article (記事)
Have you ever been abroad?	今までに海外に行ったことがありますか？	Have (持っている) / you (あなた) / ever (これまでに) / been (行ったことがある) / abroad (海外) / ? (？)
The cat is black.	猫は黒いです。	The (その) / cat (猫) / is (は) / black (黒い)
Please type your name.	お名前を入力してください。	Please (お願いします) / type (入力して) / your (あなたの) / name (名前)
The doctor helped my mom.	医者が私の母を助けてくれました。	The (その) / doctor (医者) / helped (助けた) / my (私の) / mom (母)
Either option looks good.	どちらの選択肢も良さそうです。	Either (どちらか) / option (オプション) / looks (見える) / good (良い)
Her voice was surprisingly soothing.	彼女の声は驚くほど穏やかだった。	Her (彼女の) / voice (声) / was (でした) / surprisingly (驚くほど) / soothing (心地よい)
He is among the best.	彼は最高の一人です。	He (彼) / is (です) / among (中で) / the (その) / best (最高)
The cat is white.	猫は白い。	The (ザ) / cat (猫) / is (です) / white (白い)
I learn something new today.	私は今日新しいことを学びます。	I (私) / learn (学ぶ) / something (何か) / new (新しい) / today (今日)
They sell fresh fruit daily.	彼らは毎日新鮮な果物を販売しています。	They (彼ら) / sell (売る) / fresh (新鮮な) / fruit (果物) / daily (毎日)
I spend money wisely.	私はお金を賢く使います。	I (私) / spend (使う) / money (お金) / wisely (賢く)
Please mark your name here.	ここにあなたの名前を書いてください。	Please (お願いします) / mark (マーク) / your (あなたの) / name (名前) / here (ここに)
I like your present.	あなたの贈り物が好きです。	I (私) / like (好き) / your (あなたの) / present (プレゼント)
The dog loves his treat.	犬はおやつが大好きです。	The (その) / dog (犬) / loves (愛している) / his (彼の) / treat (おやつ)
Look to the north sky.	北の空を見てください。	Look (見る) / to (に) / the (その) / north (北) / sky (空)
Birds fly south in winter.	鳥は冬に南へ飛びます。	Birds (鳥) / fly (飛ぶ) / south (南) / in (で) / winter (冬)
The test was really easy.	テストは本当に簡単でした。	The (ザ) / test (テスト) / was (でした) / really (本当に) / easy (簡単)
Today is a sunny day.	今日は晴れの日です。	Today (今日) / is (です) / a (a) / sunny (晴れた) / day (日)
Remember to lock the door.	ドアに鍵をかけるのを忘れないでください。	Remember (覚えて) / to (に) / lock (鍵をかける) / the (その) / door (ドア)
Please explain your answer.	あなたの答えを説明してください。	Please (お願いします) / explain (説明して) / your (あなたの) / answer (答え)
The cat touched my foot.	猫が私の足に触れました。	The (その) / cat (猫) / touched (触れた) / my (私の) / foot (足)
She walked past the store.	彼女は店を通り過ぎました。	She (彼女) / walked (歩いた) / past (過ぎて) / the (その) / store (店).
Water is necessary for life.	水は生命に必要です。	Water (水) / is (は) / necessary (必要) / for (ために) / life (生命)
Would anyone else like coffee?	他にコーヒーが欲しい人はいますか？	Would (だれか) / anyone (だれか) / else (ほかの) / like (飲みたい) / coffee (コーヒー) / ? (？)
God is everywhere, they say.	神はどこにでもいる、と彼らは言う。	God (神) / is (いる) / everywhere (どこにでも) / they (彼らが) / say (言う)
Please pass the salt.	塩を取ってください。	Please (ください) / pass (渡して) / the (その) / salt (塩)
The clouds are above us.	雲は私たちの上にあります。	The (ザ) / clouds (雲) / are (は) / above (上) / us (私たち)
The king wore a crown.	王様は王冠をかぶっていた。	The (その) / king (王) / wore (身に着けていた) / a (一つの) / crown (王冠)
Please send me the documents.	書類を送ってください。	Please (ください) / send (送って) / me (私に) / the (その) / documents (書類を)
We decide tomorrow's plan.	私たちは明日の計画を決めます。	We (私たち) / decide (決める) / tomorrow's (明日の) / plan (計画)
Live in the present moment.	今この瞬間を生きる。	Live (生きる) / in (で) / the (その) / present (現在) / moment (瞬間)
She is a strong leader.	彼女は強いリーダーです。	She (彼女) / is (は) / a (一人の) / strong (強い) / leader (リーダー)
Total darkness surrounded us.	完全な闇が私たちを包みました。	Total (トータル) / darkness (暗闇) / surrounded (囲まれた) / us (私たち)
My father loves to cook.	私の父は料理をするのが大好きです。	My (私の) / father (父) / loves (愛する) / to cook (料理を作る)
Pay the tax on time.	時間通りに税金を支払ってください。	Pay (払う) / the (その) / tax (税金) / on (に) / time (時間)
Science improves our daily lives.	科学は私たちの日常生活を向上させます。	Science (科学) / improves (改善する) / our (私たちの) / daily (日々の) / lives (生活).
Secure your valuables properly.	貴重品をしっかりと保管してください。	Secure (安全にする) / your (あなたの) / valuables (貴重品) / properly (適切に)
I can't reach the shelf.	棚に手が届きません。	I (私) / can't (できない) / reach (届かない) / the (その) / shelf (棚)
The battery is losing charge.	バッテリーの充電が減っている。	The (その) / battery (バッテリー) / is (は) / losing (失っている) / charge (充電)
The girl is very happy.	少女はとても幸せです。	The (その) / girl (女の子) / is (は) / very (とても) / happy (幸せ).
She expressed her thoughts clearly.	彼女は自分の考えをはっきりと表現しました。	She (彼女) / expressed (表現した) / her (彼女の) / thoughts (考え) / clearly (明確に)
The sun sets in west.	太陽は西に沈む。	The (その) / sun (太陽) / sets (沈む) / in (で) / west (西).
She walked across the street.	彼女は通りを横切って歩いた。	She (彼女) / walked (歩いた) / across (渡って) / the (その) / street (通り)
Let's go on a date.	デートに行こう。	Let's (レッツ) / go (行こう) / on (に) / a (一つの) / date (デート).
We went to church.	私たちは教会に行きました。	We (私たちの) / went (行った) / to (に) / church (教会)
Humans need water to survive.	人間は生き残るために水が必要です。	Humans (人間) / need (必要) / water (水) / to (に) / survive (生き残る)
Our team won today.	私たちのチームが今日勝ちました。	Our (私たちの) / team (チーム) / won (勝ちました) / today (今日)
I have twenty coloring books.	ぬりえの本が二十冊あります。	I (私) / have (持っている) / twenty (二十) / coloring (塗り絵) / books (本)
The cat is on ground.	猫は地面にいます。	The (ザ) / cat (猫) / is (いる) / on (上に) / ground (地面)
The sound was very loud.	音がとても大きかった。	The (その) / sound (音) / was (は) / very (とても) / loud (大きかった)
Stand in front of me.	私の前に立ってください。	Stand (立つ) / in (の) / front (前) / of (の) / me (私)
Paper can be recycled easily.	紙は簡単にリサイクルできます。	Paper (紙) / can (できる) / be (となる) / recycled (リサイクルされる) / easily (簡単に)
They serve delicious Italian food.	彼らはおいしいイタリア料理を提供します。	They (彼ら) / serve (提供する) / delicious (美味しい) / Italian (イタリアの) / food (食べ物)
Walk along the riverbank peacefully.	静かに川岸を歩く。	Walk (歩く) / along (沿って) / the (その) / riverbank (川岸) / peacefully (平和に)
Several birds flew away quickly.	いくつかの鳥が素早く飛び去った。	Several (いくつかの) / birds (鳥) / flew (飛んだ) / away (去った) / quickly (素早く)
Collect the books now.	今すぐ本を集めてください。	Collect (集める) / the (その) / books (本) / now (今)
Please answer my question.	私の質問に答えてください。	Please (お願いします) / answer (答えて) / my (私の) / question (質問).
The book is on table.	本は机の上にあります。	The (ザ) / book (本) / is (は) / on (の上に) / table (テーブル)
Once upon a time.	むかしむかし。	Once (一度) / upon (上に) / a (ある) / time (時)
I watch the movie tonight.	今夜、映画を観ます。	I (私) / watch (見る) / the (その) / movie (映画) / tonight (今夜)
Flowers die in cold weather.	花は寒い天気で枯れる。	Flowers (花) / die (死ぬ) / in (で) / cold (寒い) / weather (天気)
There are one hundred apples.	りんごが百個あります。	There (そこ) / are (ある) / one (一) / hundred (百) / apples (りんご)
We live in the town.	私たちは町に住んでいます。	We (私たち) / live (住んでいる) / in (に) / the (その) / town (町)
Death ends all life's struggles.	死はすべての人生の苦悩を終わらせる。	Death (死) / ends (終わる) / all (すべて) / life's (人生の) / struggles (闘い)
Turn the page now.	ページをめくってください。	Turn (めくる) / the (その) / page (ページ) / now (今)
Ten cats play in garden.	10匹の猫が庭で遊んでいる。	Ten (十) / cats (猫) / play (遊ぶ) / in (で) / garden (庭)
The field was surprisingly vast.	畑は驚くほど広かった。	The (その) / field (フィールド) / was (は) / surprisingly (驚くほど) / vast (広大だった).
They decided to marry tomorrow.	彼らは明日結婚することに決めました。	They (彼ら) / decided (決めた) / to (することを) / marry (結婚する) / tomorrow (明日)
The cat hid behind chair.	猫は椅子の後ろに隠れた。	The (その) / cat (猫) / hid (隠れた) / behind (後ろ) / chair (椅子)
The lake is very deep.	湖はとても深いです。	The (その) / lake (湖) / is (は) / very (とても) / deep (深い)
The stage was beautifully decorated.	ステージは美しく装飾されていました。	The (その) / stage (ステージ) / was (は) / beautifully (美しく) / decorated (飾られていました)
The student reads every day.	学生は毎日読書します。	The (その) / student (学生) / reads (読みます) / every (毎) / day (日)
The computer is very useful.	コンピューターはとても役に立ちます。	The (ザ) / computer (コンピュータ) / is (は) / very (非常に) / useful (役に立つ)
Blue is my favourite colour.	青は私の好きな色です。	Blue (青) / is (です) / my (私の) / favourite (お気に入りの) / colour (色)
My parent is kind.	私の親は優しいです。	My (私の) / parent (親) / is (は) / kind (優しい)
Please wait for me.	私を待っていてください。	Please (お願いします) / wait (待って) / for (のために) / me (私)
She is responsible for organizing.	彼女は組織する責任があります。	She (彼女) / is (です) / responsible (責任がある) / for (ために) / organizing (整理すること).
I sense a storm coming.	嵐が来るのを感じる。	I (私) / sense (感じる) / a (一つの) / storm (嵐) / coming (来る)
It is a difficult situation.	それは難しい状況です。	It (それは) / is (です) / a (一つの) / difficult (難しい) / situation (状況)
I sent a letter yesterday.	昨日、手紙を送りました。	I (私) / sent (送りました) / a (一通の) / letter (手紙) / yesterday (昨日)
Dinner will be ready soon.	夕食はもうすぐ準備が整います。	Dinner (夕食) / will (します) / be (になります) / ready (準備ができている) / soon (すぐに)
I live in a single.	ワンルームに住んでいます。	I (私) / live (生きる) / in (に) / a (一つの) / single (シングル)
Raise your hand first.	まず手を挙げてください。	Raise (あげる) / your (あなたの) / hand (手) / first (最初に)
The story is not true.	その話は本当ではありません。	The (その) / story (物語) / is (は) / not (ではない) / true (本当)
Prepare for the upcoming storm.	これから来る嵐に備える。	Prepare (準備する) / for (ため) / the (その) / upcoming (来たる) / storm (嵐)
The boy plays outside.	少年は外で遊ぶ。	The (その) / boy (少年) / plays (遊ぶ) / outside (外で)
Everything seems normal today.	今日はすべてが普通のように見えます。	Everything (すべて) / seems (ようです) / normal (普通) / today (今日)
The sun rises in east.	太陽は東から昇る。	The (ザ) / sun (太陽) / rises (昇る) / in (に) / east (東)
How is Mrs. Smith today?	スミスさんは今日どうですか？	How (どのように) / is (です) / Mrs. (ミセス) / Smith (スミス) / today (今日)
The sun rises every morning.	太陽は毎朝昇ります。	The (その) / sun (太陽) / rises (昇る) / every (毎) / morning (朝)
I like Italian food.	イタリア料理が好きです。	I (私) / like (好き) / Italian (イタリア料理の) / food (食べ物)
The lord of Winterfell rules.	ウィンターフェルの領主が統治する。	The (ザ) / lord (領主) / of (の) / Winterfell (ウィンターフェル) / rules (統治する)
The game was incredibly exciting.	そのゲームは信じられないほど興奮するものだった。	The (その) / game (ゲーム) / was (は) / incredibly (非常に) / exciting (エキサイティング)
The air feels fresh today.	今日は空気が新鮮に感じます。	The (その) / air (空気) / feels (感じる) / fresh (新鮮な) / today (今日)
Please sign the form.	用紙に署名してください。	Please (ください) / sign (署名してください) / the (その) / form (用紙)
I answered the telephone quickly.	私はすぐに電話に出ました。	I (私) / answered (答えた) / the (その) / telephone (電話) / quickly (すぐに)
He joined the chess club.	彼はチェスクラブに参加しました。	He (彼) / joined (参加した) / the (その) / chess (チェス) / club (クラブ)
Let's visit the shop.	お店に行きましょう。	Let's (さあ) / visit (訪れる) / the (その) / shop (店).
Shall we meet for lunch?	ランチを一緒にどうですか？	Shall (しましょうか) / we (私たち) / meet (会う) / for (のために) / lunch (ランチ)?
The sun is very low.	太陽がとても低いです。	The (その) / sun (太陽) / is (は) / very (とても) / low (低い)
I have a shopping list.	買い物リストがあります。	I (私) / have (持っている) / a (一つの) / shopping (買い物) / list (リスト)
I love listening to music.	音楽を聴くのが大好きです。	I (私) / love (愛する) / listening (聞くのが好き) / to (に) / music (音楽)
Believe in yourself fully.	自分を完全に信じてください。	Believe (信じる) / in (に) / yourself (自分) / fully (完全に)
Take one step forward slowly.	ゆっくりと一歩前に進んでください。	Take (取る) / one (一) / step (歩) / forward (前に) / slowly (ゆっくり)
They discussed the biological sex.	彼らは生物学的性別について議論しました。	They (彼ら) / discussed (議論した) / the (その) / biological (生物学的) / sex (性)
Stay with me tonight.	今夜は私と一緒にいてください。	Stay (滞在する) / with (と一緒に) / me (私) / tonight (今夜)
Thank you very much, Sarah.	どうもありがとう、サラさん。	Thank (ありがとう) / you (あなた) / very (とても) / much (多く) / Sarah (サラ)
I hurt my right arm.	右腕を痛めました。	I (私) / hurt (傷めた) / my (私の) / right (右の) / arm (腕)
I doubt it will rain.	雨が降るとは思いません。	I (私) / doubt (疑う) / it (それ) / will (でしょう) / rain (雨)
Helmets protect your head effectively.	ヘルメットは頭を効果的に守ります。	Helmets (ヘルメット) / protect (保護する) / your (あなたの) / head (頭) / effectively (効果的に)
Don't judge a book quickly.	急いで本を判断しないでください。	Don't (しない) / judge (判断する) / a (一冊の) / book (本) / quickly (速く)
The amount is too high.	金額が高すぎます。	The (その) / amount (額) / is (は) / too (あまりに) / high (高い).
She made a quick decision.	彼女は素早い決断を下した。	She (彼女) / made (した) / a (迅速な) / quick (迅速な) / decision (決定)
The weather is really bad.	天気が本当に悪いです。	The (ザ) / weather (天気) / is (は) / really (本当に) / bad (悪い)
Please close the door quietly.	静かにドアを閉めてください。	Please (お願いします) / close (閉めて) / the (その) / door (ドア) / quietly (静かに)
I wish you good luck.	幸運を祈ります。	I (私) / wish (願います) / you (あなたに) / good (良い) / luck (運)
She will post it.	彼女がそれを投稿します。	She (彼女) / will (する) / post (投稿) / it (それ)
He left an hour ago.	彼は1時間前に出発しました。	He (彼) / left (去った) / an (1つの) / hour (時間) / ago (前)
She laughed a lot yesterday.	彼女は昨日たくさん笑いました。	She (彼女) / laughed (笑った) / a (たくさん) / lot (たくさん) / yesterday (昨日)
The board was painted white.	板は白く塗られました。	The (その) / board (板) / was (は) / painted (塗られた) / white (白い)
The window is open.	窓が開いています。	The (その) / window (窓) / is (です) / open (開いています)
I wonder about the stars.	星々について考える。	I (私) / wonder (不思議) / about (について) / the (その) / stars (星)
The decision was fair.	決定は公正だった。	The (その) / decision (決定) / was (は) / fair (公正な)
He wants to kill mosquitoes.	彼は蚊を殺したがっている。	He (彼) / wants (望む) / to (に) / kill (殺す) / mosquitoes (蚊たち)
The children are safe inside.	子供たちは中で安全です。	The (その) / children (子供たち) / are (～です) / safe (安全) / inside (中に)
She weighs one hundred pounds.	彼女の体重は100ポンドです。	She (彼女) / weighs (重さは) / one (一) / hundred (百) / pounds (ポンド)
It was an obvious choice.	それは明白な選択でした。	It (それは) / was (でした) / an (一つの) / obvious (明白な) / choice (選択)
The fire is burning brightly.	火が明るく燃えている。	The (その) / fire (火) / is (は) / burning (燃えている) / brightly (明るく)
Spot the difference, if possible.	可能なら、違いを見つけてください。	Spot (スポット) / the (ザ) / difference (違い)
She owned a red car.	彼女は赤い車を所有していました。	She (彼女) / owned (所有した) / a (一台の) / red (赤い) / car (車)
The farm has many animals.	農場には多くの動物がいます。	The (その) / farm (農場) / has (持っている) / many (たくさんの) / animals (動物たち)
He gave his wife flowers.	彼は妻に花を贈りました。	He (彼は) / gave (与えた) / his (彼の) / wife (妻に) / flowers (花を)
Water the plant every day.	毎日植物に水をやってください。	Water (水) / the (その) / plant (植物) / every (毎) / day (日)
The shoes fit perfectly.	靴はぴったり合います。	The (その) / shoes (靴) / fit (合う) / perfectly (完璧に)
The room was very dark.	部屋はとても暗かった。	The (その) / room (部屋) / was (は) / very (とても) / dark (暗い)
Yes, sir, right away.	かしこまりました、すぐに。	Yes (はい) / sir (サー) / right (すぐに) / away (すぐに)
Press the button gently.	ボタンを優しく押してください。	Press (押す) / the (その) / button (ボタン) / gently (優しく)
It is indeed very cold.	本当にとても寒いです。	it (それは) / is (です) / indeed (確かに) / very (非常に) / cold (寒い)
She feels happy today.	彼女は今日幸せに感じる。	She (彼女) / feels (感じている) / happy (幸せ) / today (今日)
I sleep on the bed.	私はベッドで寝ます。	I (私) / sleep (眠る) / on (上) / the (その) / bed (ベッド)
The cat climbed the wall.	猫が壁を登った。	The (その) / cat (猫) / climbed (登った) / the (その) / wall (壁)
This is a serious problem.	これは深刻な問題です。	This (これ) / is (です) / a (一つの) / serious (深刻な) / problem (問題).
I love your story idea.	あなたのストーリーのアイデアが大好きです。	I (私) / love (愛している) / your (あなたの) / story (物語) / idea (アイデア)
The television is very loud.	テレビの音がとても大きいです。	The (その) / television (テレビ) / is (は) / very (とても) / loud (うるさい)
She works at the hospital.	彼女は病院で働いています。	She (彼女) / works (働いています) / at (で) / the (その) / hospital (病院)
Please lay the book.	本を置いてください。	Please (お願いします) / lay (置いて) / the (その) / book (本)
Blood stained his white shirt.	血が彼の白いシャツを染めた。	Blood (血) / stained (染まった) / his (彼の) / white (白い) / shirt (シャツ)
I suppose you are right.	あなたの言う通りかもしれません。	I (私は) / suppose (想像する) / you (あなた) / are (である) / right (正しい)
They had a big fight.	彼らは大喧嘩した。	They (彼ら) / had (持っていた) / a (一) / big (大きな) / fight (喧嘩)
Choose your favorite book wisely.	お気に入りの本を賢く選んでください。	Choose (選ぶ) / your (あなたの) / favorite (お気に入りの) / book (本) / wisely (賢明に).
The officer helped her escape.	将校は彼女の脱出を助けた。	The (その) / officer (警官) / helped (助けた) / her (彼女を) / escape (逃げるのを)
I drink coffee daily.	私は毎日コーヒーを飲みます。	I (私) / drink (飲む) / coffee (コーヒー) / daily (毎日)
Join us for dinner tonight.	今夜の夕食にご参加ください。	Join (参加する) / us (私たち) / for (のために) / dinner (夕食) / tonight (今夜).
Please cross the street.	通りを渡ってください。	Please (どうぞ) / cross (渡って) / the (その) / street (通り)
Honour your parents every day.	毎日、両親を敬いなさい。	Honour (名誉) / your (あなたの) / parents (親) / every (毎) / day (日)
My dress is red today.	今日、私のドレスは赤です。	My (私の) / dress (ドレス) / is (は) / red (赤い) / today (今日)
She has a beautiful smile.	彼女は美しい笑顔を持っています。	She (彼女) / has (持っている) / a (一つの) / beautiful (美しい) / smile (笑顔)
I love pizza, especially pepperoni.	ピザが大好きです。特にペパロニが好きです。	I (私) / love (愛する) / pizza (ピザ) / especially (特に) / pepperoni (ペパロニ)
Save your work frequently.	頻繁に作業を保存してください。	Save (セーブ) / your (あなたの) / work (作業) / frequently (頻繁に)
They will arrive soon.	彼らはすぐに到着します。	They (彼ら) / will (するだろう) / arrive (到着する) / soon (すぐに)
The poor cat is hungry.	かわいそうな猫はお腹が空いています。	The (その) / poor (貧しい) / cat (猫) / is (は) / hungry (空腹です)
She drew a beautiful picture.	彼女は美しい絵を描きました。	She (彼女) / drew (描いた) / a (一つの) / beautiful (美しい) / picture (絵)
I paid the electricity bill.	電気料金を支払いました。	I (私) / paid (払った) / the (その) / electricity (電気) / bill (請求書)
I depend on your help.	あなたの助けに頼っています。	I (私) / depend (頼る) / on (に) / your (あなたの) / help (助け)
She paints every Sunday afternoon.	彼女は毎週日曜日の午後に絵を描きます。	She (彼女) / paints (描く) / every (毎) / Sunday (日曜日) / afternoon (午後)
I pack my suitcase daily.	私は毎日スーツケースを詰めます。	I (私) / pack (詰めます) / my (私の) / suitcase (スーツケース) / daily (毎日)
The garden is very beautiful.	庭はとても美しいです。	The (その) / garden (庭) / is (は) / very (とても) / beautiful (美しい)
Arrange the books by size.	本をサイズ順に並べてください。	Arrange (配列) / the (その) / books (本) / by (によって) / size (大きさ)
You are wrong again.	また間違っています。	You (あなた) / are (です) / wrong (間違っている) / again (また)
She walked forward cautiously.	彼女は慎重に前に歩いた。	She (彼女) / walked (歩いた) / forward (前方に) / cautiously (慎重に)
The machine is broken.	機械が壊れています。	The (その) / machine (機械) / is (は) / broken (壊れている)
I love surprises a lot.	サプライズが大好きです。	I (私) / love (愛する) / surprises (驚き) / a (大変) / lot (多く)
I notice a beautiful sunset.	美しい夕日を目にします。	I (私) / notice (気づく) / a (一つの) / beautiful (美しい) / sunset (夕日)
My heart feels so happy.	心がとても幸せに感じます。	My (私の) / heart (心) / feels (感じる) / so (とても) / happy (嬉しい).
My son loves soccer games.	私の息子はサッカーの試合が大好きです。	My (私の) / son (息子) / loves (愛している) / soccer (サッカー) / games (試合).
I realise it's really important.	それが本当に大切だと気づきました。	I (私) / realise (気づく) / it's (それは) / really (本当に) / important (重要)
The grass is always green.	芝生はいつも緑です。	The (その) / grass (草) / is (は) / always (いつも) / green (緑).
The size is too big.	サイズが大きすぎます。	The (ザ) / size (サイズ) / is (は) / too (あまりにも) / big (大きすぎる)
She presented the final report.	彼女は最終報告書を提出しました。	She (彼女) / presented (発表した) / the (その) / final (最終) / report (報告書)
The weather is fine today.	今日は天気がいいです。	The (ザ) / weather (天気) / is (は) / fine (良い) / today (今日)
Workers plan to strike tomorrow.	労働者たちは明日ストライキを計画しています。	Workers (労働者) / plan (計画する) / to (に) / strike (ストライキ) / tomorrow (明日)
I love to travel frequently.	私は頻繁に旅行するのが大好きです。	I (私は) / love (愛する) / to (に) / travel (旅行する) / frequently (頻繁に).
Stars fill the night space.	星が夜空を埋め尽くしています。	Stars (星) / fill (満たす) / the (その) / night (夜) / space (空間)
The turtle is very slow.	カメはとても遅いです。	The (その) / turtle (カメ) / is (は) / very (とても) / slow (遅い)
I see a colorful fish.	色とりどりの魚が見えます。	I (私) / see (見る) / a (一つの) / colorful (カラフルな) / fish (魚)
I enjoy reading books daily.	私は毎日読書を楽しんでいます。	I (私は) / enjoy (楽しむ) / reading (読むのを) / books (本) / daily (毎日)
He wore a blue suit.	彼は青いスーツを着ていた。	He (彼) / wore (着た) / a (青い) / blue (青い) / suit (スーツ).
She told a lie yesterday.	彼女は昨日嘘をついた。	She (彼女) / told (言った) / a (一つの) / lie (嘘) / yesterday (昨日)
Take a chance on love.	愛にかけてみて。	Take (取る) / a (一つの) / chance (機会) / on (に) / love (愛)
Her hair is very long.	彼女の髪はとても長い。	Her (彼女の) / hair (髪) / is (は) / very (とても) / long (長い)
I wear a blue hat.	青い帽子をかぶっています。	I (私) / wear (着る) / a (一つの) / blue (青い) / hat (帽子)
I eat breakfast every morning.	毎朝朝食を食べます。	I (私) / eat (食べる) / breakfast (朝食) / every (毎) / morning (朝)
Children play in the park.	子供たちが公園で遊ぶ。	Children (子供たち) / play (遊ぶ) / in (で) / the (その) / park (公園)
She feels fear at night.	彼女は夜に恐怖を感じる。	She (彼女) / feels (感じる) / fear (恐怖) / at (で) / night (夜)
A thousand stars sparkled overhead.	頭上で千の星が輝いていた。	A (ひとつの) / thousand (千) / stars (星) / sparkled (輝いた) / overhead (頭上に)
Pick a book to read.	読む本を選んでください。	Pick (選ぶ) / a (1つの) / book (本) / to (ために) / read (読む)
I need some rest.	少し休みが必要です。	I (私) / need (必要) / some (いくつか) / rest (休息)
Catch the ball quickly.	早くボールをキャッチして。	Catch (捕まえる) / the (その) / ball (ボール) / quickly (素早く)
The cat sat in middle.	猫が真ん中に座っていた。	The (ザ) / cat (猫) / sat (座った) / in (中に) / middle (真ん中)
The sun rises every morning.	太陽は毎朝昇ります。	The (その) / sun (太陽) / rises (昇る) / every (毎) / morning (朝)
Finish your homework now.	今すぐ宿題を終わらせなさい。	Finish (終える) / your (あなたの) / homework (宿題) / now (今)
She is aware now.	彼女は今気づいている。	She (彼女) / is (です) / aware (気づいている) / now (今)
Equal rights for all individuals.	すべての個人に平等な権利。	Equal (平等) / rights (権利) / for (のための) / all (すべての) / individuals (個人).
The animal is very cute.	動物はとてもかわいいです。	The (その) / animal (動物) / is (は) / very (とても) / cute (かわいい)
Cats tend to be independent.	猫は自立しがちです。	Cats (猫) / tend (傾向がある) / to (に) / be (である) / independent (自立している)
He felt a sudden chill.	彼は突然の寒気を感じた。	He (彼は) / felt (感じた) / a (ある) / sudden (突然の) / chill (寒気)
The couple walked together.	カップルは一緒に歩いた。	The (その) / couple (カップル) / walked (歩いた) / together (一緒に).
I need a piece.	私は一片が必要です。	I (私) / need (必要) / a (一つ) / piece (部分)
I lost my car key.	車の鍵をなくしました。	I (私) / lost (失くした) / my (私の) / car (車) / key (鍵)
I watched the new film.	新しい映画を観ました。	I (私) / watched (見た) / the (その) / new (新しい) / film (映画)
The sea is very calm.	海はとても穏やかです。	The (その) / sea (海) / is (は) / very (とても) / calm (穏やか).
He will shoot the ball.	彼はボールを打つでしょう。	He (彼は) / will (意志) / shoot (撃つ) / the (その) / ball (ボール)
The cat is inside.	猫は中にいます。	The (ザ) / cat (猫) / is (です) / inside (中)
The tree is very tall.	その木はとても高いです。	The (その) / tree (木) / is (は) / very (とても) / tall (高い)
Are you feeling ok today?	今日は気分が大丈夫ですか？	Are (あなたは) / you (あなた) / feeling (感じていますか) / ok (大丈夫) / today (今日) / ? (？)
Run a mile every day.	毎日1マイル走りなさい。	Run (走る) / a (1つの) / mile (マイル) / every (毎) / day (日)
The box is heavy.	箱は重いです。	The (その) / box (箱) / is (は) / heavy (重い)
Let's settle this tomorrow.	明日これを解決しましょう。	Let's (さあ) / settle (決着をつける) / this (これを) / tomorrow (明日)
The evening sky was beautiful.	夕空は美しかった。	The (その) / evening (夕方) / sky (空) / was (は) / beautiful (美しかった).
Danger is everywhere, stay alert.	危険はどこにでもあります、注意を怠らないでください。	Danger (危険) / is (です) / everywhere (どこにでも) / stay (滞在する) / alert (警戒)
These are basic instructions.	これらは基本的な指示です。	These (これらの) / are (は) / basic (基本的な) / instructions (指示)
The bear ate honey.	熊は蜂蜜を食べました。	The (その) / bear (クマ) / ate (食べた) / honey (蜂蜜)
Is it worth the risk?	それはリスクを冒す価値がありますか？	Is (それは) / it (それ) / worth (価値がある) / the (その) / risk (リスク) / ? (？)
Meet me at the station.	駅で会いましょう。	Meet (会う) / me (私) / at (で) / the (その) / station (駅).
I discover new places often.	私はよく新しい場所を発見します。	I (私) / discover (発見する) / new (新しい) / places (場所) / often (しばしば)
I read the news daily.	私は毎日ニュースを読みます。	I (私) / read (読む) / the (その) / news (ニュース) / daily (毎日)
She gave him nice flowers.	彼女は彼に素敵な花をあげました。	She (彼女) / gave (与えた) / him (彼に) / nice (素敵な) / flowers (花)
Try tea instead of coffee.	コーヒーの代わりにお茶を試してみてください。	Try (試して) / tea (お茶) / instead (代わりに) / of (の) / coffee (コーヒー)
Enter the room quietly, please.	静かに部屋に入ってください。	Enter (入る) / the (その) / room (部屋) / quietly (静かに) / please (お願いします)
The temperatures dropped below freezing.	気温が氷点下に下がりました。	The (その) / temperatures (気温) / dropped (下がった) / below (以下) / freezing (氷点)
Birds fly in the sky.	鳥は空を飛ぶ。	Birds (鳥) / fly (飛ぶ) / in (に) / the (の) / sky (空)
He escaped from the prison.	彼は刑務所から逃げ出しました。	He (彼) / escaped (逃げた) / from (から) / the (その) / prison (刑務所)
He will pull the rope.	彼はロープを引くでしょう。	He (彼) / will (意志) / pull (引く) / the (その) / rope (ロープ)
Drop the ball gently.	ボールをそっと落としてください。	Drop (ドロップ) / the (ザ) / ball (ボール) / gently (優しく)
I am ready now.	今、準備ができています。	I (私) / am (です) / ready (準備ができた) / now (今)
The beauty of nature shines.	自然の美しさが輝く。	The (その) / beauty (美しさ) / of (の) / nature (自然) / shines (輝く)
I will race you.	あなたと競争します。	I (私) / will (する) / race (競走) / you (あなた)
I drank water from cup.	カップから水を飲みました。	I (私) / drank (飲んだ) / water (水) / from (から) / cup (カップ)
Chocolate is my favorite choice.	チョコレートは私のお気に入りの選択です。	Chocolate (チョコレート) / is (は) / my (私の) / favorite (お気に入りの) / choice (選択)
She feels alone at night.	彼女は夜に孤独を感じる。	She (彼女) / feels (感じている) / alone (一人) / at (で) / night (夜)
Trust is important in relationships.	信頼は人間関係において重要です。	Trust (信頼) / is (は) / important (重要) / in (において) / relationships (関係)
The table is wood.	テーブルは木製です。	The (その) / table (テーブル) / is (は) / wood (木製).
The water is very cold.	水がとても冷たいです。	The (その) / water (水) / is (は) / very (とても) / cold (冷たい).
Please do not touch.	触らないでください。	Please (お願いします) / do (する) / not (ない) / touch (触る)
Please listen to the instructions.	指示を聞いてください。	Please (お願いします) / listen (聞いて) / to (に) / the (その) / instructions (指示)
Please check your email.	メールを確認してください。	Please (お願いします) / check (確認する) / your (あなたの) / email (電子メール)
Imagine a world without trees.	木のない世界を想像してみてください。	Imagine (想像する) / a (a) / world (世界) / without (なしで) / trees (木々)
The plant is dead.	植物は枯れています。	The (その) / plant (植物) / is (が) / dead (死んでいる)
She wore a diamond ring.	彼女はダイヤの指輪をしていました。	She (彼女) / wore (着けていた) / a (一つの) / diamond (ダイヤモンド) / ring (指輪).
Please take your seat.	席に着いてください。	Please (どうぞ) / take (取って) / your (あなたの) / seat (席)
My brother likes soccer.	私の兄はサッカーが好きです。	My (私の) / brother (兄) / likes (好きです) / soccer (サッカー)
She earned a degree yesterday.	彼女は昨日学位を取得しました。	She (彼女) / earned (得た) / a (一つの) / degree (学位) / yesterday (昨日)
I ride a brown horse.	私は茶色の馬に乗ります。	I (私) / ride (乗る) / a (一つの) / brown (茶色の) / horse (馬)
Mop the kitchen floor now.	今すぐ台所の床をモップで掃除してください。	Mop (モップ) / the (その) / kitchen (キッチン) / floor (床) / now (今)
They advertise on TV daily.	彼らは毎日テレビで広告を出しています。	They (彼ら) / advertise (広告する) / on (で) / TV (テレビ) / daily (毎日)
The dog barked loudly outside.	犬が外で大きな声で吠えました。	The (その) / dog (犬) / barked (吠えた) / loudly (大声で) / outside (外で)
Fill the glass with water.	コップに水を注いでください。	Fill (満たす) / the (その) / glass (グラス) / with (で) / water (水)
I need more sleep.	もっと眠る必要があります。	I (私) / need (必要) / more (もっと) / sleep (睡眠)
We walked down the hall.	私たちは廊下を歩きました。	We (私たち) / walked (歩きました) / down (下) / the (その) / hall (廊下)
Her excitement was apparent yesterday.	彼女の興奮は昨日明らかでした。	Her (彼女の) / excitement (興奮) / was (だった) / apparent (明らか) / yesterday (昨日)
The store is closed today.	今日は店が閉まっています。	The (その) / store (店) / is (は) / closed (閉まっている) / today (今日)
The sky is bright blue.	空は明るい青色です。	The (その) / sky (空) / is (です) / bright (明るい) / blue (青い)
She attends college every day.	彼女は毎日大学に通っています。	She (彼女) / attends (通う) / college (大学) / every (毎日) / day (日)
The cake has a shape.	ケーキには形があります。	The (その) / cake (ケーキ) / has (は) / a (の) / shape (形)
Don't forget your keys.	鍵を忘れないでください。	Don't (忘れないで) / forget (忘れる) / your (あなたの) / keys (鍵)
The lady smiled at him.	彼女は彼に微笑んだ。	The (その) / lady (女性) / smiled (微笑んだ) / at (に) / him (彼)
The weather got worse today.	今日は天気が悪くなった。	The (ザ) / weather (天気) / got (なった) / worse (悪化した) / today (今日)
She hit the ball hard.	彼女はボールを強く打った。	She (彼女) / hit (打った) / the (その) / ball (ボール) / hard (強く)
The kitchen is clean now.	キッチンは今きれいです。	The (ザ) / kitchen (キッチン) / is (は) / clean (きれい) / now (今)
This is the exact spot.	これはまさにその場所です。	This (これ) / is (は) / the (その) / exact (正確な) / spot (場所)
The glass is full.	グラスは満杯です。	The (ザ) / glass (グラス) / is (は) / full (いっぱい)
She took a photograph today.	彼女は今日写真を撮りました。	She (彼女) / took (撮った) / a (一枚) / photograph (写真) / today (今日)
Don't worry about it.	気にしないでください。	Don't (ドント) / worry (心配) / about (について) / it (それ)
Did you mention my name?	私の名前を言いましたか？	Did (しました) / you (あなた) / mention (言及) / my (私の) / name (名前) / ? (？)
She wore a red dress.	彼女は赤いドレスを着ていた。	She (彼女) / wore (着ていた) / a (一つの) / red (赤い) / dress (ドレス)
Let's go to the store.	お店に行こう。	Let's (レッツ) / go (行く) / to (へ) / the (その) / store (店)
He kicked the small stone.	彼は小さな石を蹴った。	He (彼は) / kicked (蹴った) / the (その) / small (小さな) / stone (石)
The book costs thirty dollars.	その本は30ドルです。	The (その) / book (本) / costs (はかかります) / thirty (三十) / dollars (ドル)
Use the proper tools.	適切な道具を使ってください。	use (使う) / the (その) / proper (適切な) / tools (道具)
There is a slight problem.	少し問題があります。	There (そこ) / is (あります) / a (ちょっとした) / slight (わずかな) / problem (問題)
She broke her leg yesterday.	彼女は昨日足を骨折しました。	She (彼女) / broke (壊した) / her (彼女の) / leg (足) / yesterday (昨日)
The star shines brightly tonight.	星が今夜明るく輝いている。	The (その) / star (星) / shines (輝く) / brightly (明るく) / tonight (今夜)
Here is my address.	こちらが私の住所です。	Here (ここ) / is (は) / my (私の) / address (住所)
The blanket is warm.	毛布は暖かいです。	The (その) / blanket (毛布) / is (は) / warm (暖かい)
The box is heavy.	箱が重いです。	The (その) / box (箱) / is (は) / heavy (重い)
I watched a funny video.	面白いビデオを見ました。	I (私) / watched (見ました) / a (ある) / funny (面白い) / video (ビデオ)
Add oil to skillet.	スキレットに油を加える。	Add (追加) / oil (油) / to (に) / skillet (フライパン)
She is in trouble now.	彼女は今困っています。	She (彼女) / is (です) / in (に) / trouble (困難) / now (今)
Can I get double cheese?	ダブルチーズをもらえますか？	Can (できる) / I (私) / get (得る) / double (ダブル) / cheese (チーズ)
I miss my old friends.	昔の友達が恋しいです。	I (私) / miss (恋しい) / my (私の) / old (昔の) / friends (友達)
Gold is a precious metal.	金は貴重な金属です。	Gold (ゴールド) / is (です) / a (の) / precious (貴重な) / metal (金属)
I admit my mistake.	私の過ちを認めます。	I (私) / admit (認めます) / my (私の) / mistake (間違い)
I love summer vacations.	夏休みが大好きです。	I (私) / love (愛) / summer (夏) / vacations (休暇)
She loves her husband deeply.	彼女は夫を深く愛しています。	She (彼女) / loves (愛している) / her (彼女の) / husband (夫) / deeply (深く)
She ran very fast.	彼女はとても速く走った。	She (彼女) / ran (走った) / very (とても) / fast (速く)
The weather today is perfect.	今日の天気は完璧です。	The (ザ) / weather (天気) / today (今日) / is (は) / perfect (完璧)
Mum made delicious apple pie.	ママが美味しいアップルパイを作った。	Mum (ママ) / made (作った) / delicious (美味しい) / apple (リンゴ) / pie (パイ)
Throw the ball gently.	ボールを優しく投げてください。	Throw (投げる) / the (その) / ball (ボール) / gently (優しく)
The river flows very fast.	川の流れがとても速い。	The (その) / river (川) / flows (流れる) / very (非常に) / fast (速い)
My daughter loves ice cream.	私の娘はアイスクリームが大好きです。	My (私の) / daughter (娘) / loves (愛する) / ice (氷) / cream (クリーム)
I found a quarter.	25セントを見つけました。	I (私) / found (見つけた) / a (一つの) / quarter (25セント硬貨)
We met at the bar.	私たちはバーで会いました。	We (私たち) / met (会った) / at (で) / the (その) / bar (バー)
The drummer beat the drum.	ドラマーはドラムを叩いた。	The (その) / drummer (ドラマー) / beat (叩いた) / the (その) / drum (ドラム)
The tape is very sticky.	テープはとても粘着性が高いです。	The (ザ) / tape (テープ) / is (は) / very (非常に) / sticky (粘着性が高い)
The stars are beyond reach.	星々は手の届かない場所にある。	The (その) / stars (星) / are (は) / beyond (超えて) / reach (届かない)
The children laugh together happily.	子供たちは一緒に幸せそうに笑います。	The (その) / children (子供たち) / laugh (笑う) / together (一緒に) / happily (嬉しそうに)
The baby is sleeping soundly.	赤ちゃんはぐっすり眠っています。	The (その) / baby (赤ちゃん) / is (は) / sleeping (眠っている) / soundly (ぐっすり)
The rock is heavy.	岩は重い。	The (その) / rock (岩) / is (は) / heavy (重い)
I promise I will help.	助けることを約束します。	I (私) / promise (約束します) / I (私) / will (これから) / help (助けます)
I push the door open.	ドアを押して開ける。	I (私) / push (押す) / the (その) / door (ドア) / open (開ける)
Pain shot through her arm.	腕に痛みが走った。	Pain (痛み) / shot (走る) / through (通して) / her (彼女の) / arm (腕)
She took the wrong drug.	彼女は間違った薬を飲んだ。	She (彼女) / took (取った) / the (その) / wrong (間違った) / drug (薬)
Walk straight ahead, then turn.	まっすぐ進んで、そして曲がってください。	Walk (歩く) / straight (まっすぐ) / ahead (前に), / then (それから) / turn (曲がる).
The blanket provides great comfort.	毛布は大きな快適さを提供します。	The (その) / blanket (毛布) / provides (提供する) / great (大きな) / comfort (快適さ)
You won't succeed unless persistent.	粘り強くなければ成功しないでしょう。	You (あなた) / won't (しない) / succeed (成功する) / unless (にしなければ) / persistent (継続的)
The clothes are dry now.	服はもう乾いた。	The (ザ)/ clothes (服)/ are (は)/ dry (乾いています)/ now (今).
Sorry, I forgot your birthday.	ごめんなさい、あなたの誕生日を忘れてしまいました。	Sorry (ごめんなさい) / I (私) / forgot (忘れた) / your (あなたの) / birthday (誕生日)
Let's book a holiday.	休暇を予約しましょう。	Let's (レッツ) / book (予約する) / a (一つの) / holiday (休日)
The heat was very intense.	とても暑かった。	The (その) / heat (熱) / was (だった) / very (非常に) / intense (強烈な)
The forest is very quiet.	森はとても静かです。	The (その) / forest (森) / is (は) / very (とても) / quiet (静か)
The library is very quiet.	図書館はとても静かです。	The (その) / library (図書館) / is (は) / very (とても) / quiet (静か)
Roll the ball gently.	ボールをそっと転がしてください。	Roll (転がす) / the (その) / ball (ボール) / gently (優しく)
Hang your coat here.	ここにコートをかけてください。	Hang (かける) / your (あなたの) / coat (コート) / here (ここ)
The bird is flying high.	鳥が高く飛んでいる。	The (その) / bird (鳥) / is (は) / flying (飛んでいる) / high (高く)
Soccer is my favorite sport.	サッカーは私の好きなスポーツです。	Soccer (サッカー) / is (は) / my (私の) / favorite (お気に入りの) / sport (スポーツ)
The island is very small.	島はとても小さいです。	The (その) / island (島) / is (は) / very (非常に) / small (小さい)
The stick was broken.	棒が折れていた。	The (その) / stick (棒) / was (は) / broken (壊れた)
The cat sat on edge.	猫が縁に座っていた。	The (ザ) / cat (猫) / sat (座った) / on (上) / edge (端)
I need extra help today.	今日は追加の助けが必要です。	I (私) / need (必要) / extra (追加) / help (助け) / today (今日)
The baby smiled with mouth.	赤ちゃんは口を開けて笑いました。	The (その) / baby (赤ちゃん) / smiled (微笑んだ) / with (で) / mouth (口)
The weight is too heavy.	重さが重すぎます。	The (その) / weight (重さ) / is (は) / too (あまりに) / heavy (重すぎる)
The blanket is very soft.	毛布はとても柔らかいです。	The (その) / blanket (毛布) / is (は) / very (とても) / soft (柔らかい)
Please reply by tomorrow.	明日までに返信してください。	Please (お願いします) / reply (返信) / by (までに) / tomorrow (明日)
Everyone came except John.	ジョン以外は皆来ました。	Everyone (みんな) / came (来た) / except (以外) / John (ジョン).
The cat sat on hill.	猫が丘に座った。	The (その) / cat (猫) / sat (座った) / on (の上に) / hill (丘)
Let's go for a ride.	乗りに行きましょう。	Let's (さあ) / go (行こう) / for (のために) / a (一つの) / ride (乗る)
The earth orbits the sun.	地球は太陽を周回しています。	The (その) / earth (地球) / orbits (回る) / the (その) / sun (太陽)
The square is very large.	その正方形はとても大きいです。	The (その) / square (四角形) / is (は) / very (とても) / large (大きい)。
Shake the bottle gently first.	まず、ボトルを優しく振ってください。	Shake (振る) / the (その) / bottle (瓶) / gently (優しく) / first (まず)
The ship sailed at sunrise.	船は日の出に出航した。	The (その) / ship (船) / sailed (出港した) / at (で) / sunrise (日の出)
She can lift heavy boxes.	彼女は重い箱を持ち上げることができます。	She (彼女) / can (できる) / lift (持ち上げる) / heavy (重い) / boxes (箱)
The wind blew gently.	風が優しく吹いた。	The (その) / wind (風) / blew (吹いた) / gently (優しく)
Do not waste your time.	時間を無駄にしないでください。	Do (しない) / not (ない) / waste (無駄にする) / your (あなたの) / time (時間) / .
The soup is too hot.	スープは熱すぎます。	The (その) / soup (スープ) / is (は) / too (とても) / hot (熱い)
Maybe we should stay home.	たぶん、家にいたほうがいいかもしれません。	Maybe (多分) / we (私たち) / should (べき) / stay (滞在する) / home (家)
Sunday is my favorite day.	日曜日は私の好きな日です。	Sunday (日曜日) / is (は) / my (私の) / favorite (お気に入りの) / day (日)
The sky looks strange today.	今日は空が奇妙に見えます。	The (その) / sky (空) / looks (見える) / strange (奇妙な) / today (今日)
The dog is brown.	犬は茶色です。	The (その) / dog (犬) / is (は) / brown (茶色)
They dance every Saturday night.	彼らは毎週土曜日の夜に踊ります。	They (彼ら) / dance (踊る) / every (毎) / Saturday (土曜日) / night (夜)
The prince wore a crown.	王子は王冠をかぶっていた。	The (その) / prince (王子) / wore (身に着けていた) / a (一つの) / crown (王冠)
The tire is flat.	タイヤがパンクしています。	The (その) / tire (タイヤ) / is (は) / flat (パンクしている)
They drifted apart over time.	彼らは時間と共に疎遠になった。	They (彼ら) / drifted (漂った) / apart (離れて) / over (超えて) / time (時間)
Playing games is fun.	ゲームをするのは楽しいです。	Playing (プレイする) / games (ゲーム) / is (です) / fun (楽しい)
She gave him the card.	彼女は彼にカードを渡しました。	She (彼女) / gave (与えた) / him (彼に) / the (その) / card (カード)
Please feed the cat.	猫に餌をあげてください。	Please (お願いします) / feed (与えて) / the (その) / cat (猫)
He is very rich.	彼はとても裕福です。	He (彼) / is (です) / very (とても) / rich (金持ち)
She buys new clothes regularly.	彼女は定期的に新しい服を買います。	She (彼女) / buys (買う) / new (新しい) / clothes (服) / regularly (定期的に)
Can you count to ten?	10まで数えられますか？	Can (できる) / you (あなた) / count (数える) / to (to) / ten (十)
He is a chess master.	彼はチェスマスターです。	He (彼) / is (です) / a (一人の) / chess (チェス) / master (マスター)
She loves to sing beautifully.	彼女は美しく歌うのが大好きです。	She (彼女) / loves (愛している) / to (する) / sing (歌う) / beautifully (美しく)
My sister is very kind.	私の姉はとても優しいです。	My (私の) / sister (姉) / is (です) / very (とても) / kind (親切)
She was born in July.	彼女は7月に生まれました。	She (彼女) / was (でした) / born (生まれた) / in (に) / July (7月)
The chair is comfortable.	その椅子は快適です。	The (その) / chair (椅子) / is (は) / comfortable (快適です)
She threw the ball high.	彼女はボールを高く投げた。	She (彼女) / threw (投げた) / the (その) / ball (ボール) / high (高く)
I dream every single night.	私は毎晩夢を見ます。	I (私) / dream (夢を見る) / every (毎) / single (一) / night (夜)
I cook dinner nightly.	私は毎晩夕食を作ります。	I (私) / cook (料理する) / dinner (夕食) / nightly (毎晩)
Dear friend, let's meet soon.	親愛なる友よ、近いうちに会いましょう。	Dear (親愛なる) / friend (友達), / let's (さあ) / meet (会いましょう) / soon (すぐに).
He must insure his car.	彼は自分の車を保険に入れなければならない。	He (彼) / must (必ず) / insure (保険をかける) / his (彼の) / car (車)
I listen to the radio.	ラジオを聴きます。	I (私) / listen (聞く) / to (に) / the (その) / radio (ラジオ)
He can handle the situation.	彼は状況をうまく対処できます。	He (彼) / can (できる) / handle (対処する) / the (その) / situation (状況)
Smoke filled the room quickly.	煙がすぐに部屋を満たした。	Smoke (煙) / filled (満たした) / the (その) / room (部屋) / quickly (すぐに)
The train is on track.	電車は軌道に乗っています。	The (その) / train (列車) / is (は) / on (上) / track (線路)
She will fix it.	彼女がそれを直します。	She (彼女) / will (意志) / fix (直す) / it (それ)
Her confidence is absolute.	彼女の自信は絶対です。	Her (彼女の) / confidence (自信) / is (は) / absolute (絶対的)
Do not burn the toast.	トーストを焦がさないでください。	Do (しない) / not (ない) / burn (焼く) / the (その) / toast (トースト)
Honesty reveals the real truth.	正直さは本当の真実を明らかにする。	Honesty (正直) / reveals (明らかにする) / the (その) / real (本当の) / truth (真実)
She wore a gold finger.	彼女は金の指輪をつけていた。	She (彼女) / wore (身に着けていた) / a (金の) / gold (金の) / finger (指)
None of this makes sense.	何もかもが意味不明です。	None (なし) / of (の) / this (これ) / makes (作る) / sense (意味)
I feel fortunate today.	今日は幸運に感じます。	I (私) / feel (感じる) / fortunate (幸運) / today (今日)
The nurse helped him recover.	看護師は彼の回復を手助けしました。	The (その)/ nurse (看護師)/ helped (助けた)/ him (彼を)/ recover (回復するように)
The car needs more gas.	車にはもっとガソリンが必要です。	The (その) / car (車) / needs (必要です) / more (もっと) / gas (ガス)
She stood at the corner.	彼女は角に立っていた。	She (彼女) / stood (立った) / at (で) / the (その) / corner (角)
See you tomorrow afternoon.	それではまた明日の午後に。	See (見る) / you (あなた) / tomorrow (明日) / afternoon (午後)
He tapped my shoulder gently.	彼は私の肩を優しく叩いた。	He (彼は) / tapped (叩いた) / my (私の) / shoulder (肩) / gently (優しく)
She likes green tea.	彼女は緑茶が好きです。	She (彼女) / likes (好き) / green (緑) / tea (お茶)
Look ahead before crossing roads.	道路を渡る前に前方を見なさい。	Look (見る) / ahead (前方) / before (前に) / crossing (渡る) / roads (道路)
The flower blooms every spring.	花は毎春咲きます。	The (その) / flower (花) / blooms (咲く) / every (毎) / spring (春)
The news will excite everyone.	ニュースは皆を興奮させるでしょう。	The (その) / news (ニュース) / will (は) / excite (興奮させる) / everyone (みんな)
My dad loves to cook.	私の父は料理をするのが大好きです。	My (私の) / dad (お父さん) / loves (愛している) / to (へ) / cook (料理する)
I saw a big wave.	大きな波を見ました。	I (私) / saw (見た) / a (大きな) / big (大きな) / wave (波)
I love Christmas decorations.	クリスマスの飾りつけが大好きです。	I (私) / love (愛する) / Christmas (クリスマス) / decorations (飾り)
Crime affects our daily lives.	犯罪は私たちの日常生活に影響を与えます。	Crime (犯罪) / affects (影響を与える) / our (私たちの) / daily (日々の) / lives (生活)
She liked the movie.	彼女はその映画が好きでした。	She (彼女) / liked (好きだった) / the (その) / movie (映画)
I missed the last train.	終電を逃しました。	I (私) / missed (逃した) / the (その) / last (最終) / train (電車)
I bought a pair today.	今日、1足買いました。	I (私) / bought (買いました) / a (一つの) / pair (ペア) / today (今日)
I drink tea every afternoon.	私は毎日午後にお茶を飲みます。	I (私) / drink (飲む) / tea (お茶) / every (毎) / afternoon (午後)
Babies often cry for attention.	赤ちゃんはしばしば注意を引くために泣きます。	Babies (赤ちゃん) / often (しばしば) / cry (泣く) / for (のために) / attention (注意)
I saw a red spot.	赤い点を見ました。	I (私) / saw (見た) / a (一つの) / red (赤い) / spot (点)
Saturday is my favorite day.	土曜日は私の好きな日です。	Saturday (土曜日) / is (です) / my (私の) / favorite (お気に入り) / day (日)
I wish you luck.	幸運を祈っています。	I (私) / wish (願う) / you (あなた) / luck (幸運)
The kitchen smells like cookies.	キッチンはクッキーの匂いがする。	The (ザ) / kitchen (キッチン) / smells (におい) / like (のような) / cookies (クッキー)
I hardly know him.	彼のことをほとんど知らない。	I (私) / hardly (ほとんど) / know (知っている) / him (彼を)
Please wash your hands.	手を洗ってください。	Please (お願いします) / wash (洗って) / your (あなたの) / hands (手)
Love at first sight.	一目惚れ。	Love (愛) / at (で) / first (最初) / sight (視線)
I forgot my bag again.	またバッグを忘れました。	I (私) / forgot (忘れた) / my (私の) / bag (鞄) / again (また)
The queen waved gracefully.	女王は優雅に手を振った。	The (その) / queen (女王) / waved (手を振った) / gracefully (優雅に)
Three plus two equals five.	3たす2は5です。	Three (三) / plus (足す) / two (二) / equals (等しい) / five (五)
It will be alright.	大丈夫です。	It (それ) / will (なる) / be (である) / alright (大丈夫)
Flowers bloom in spring.	花は春に咲く。	Flowers (花) / bloom (咲く) / in (に) / spring (春)
The cat slept at bottom.	猫は下で寝ていました。	The (その) / cat (猫) / slept (寝た) / at (で) / bottom (下)
The clock shows eight o'clock.	時計は8時を示しています。	The (その) / clock (時計) / shows (示す) / eight (八) / o'clock (時)
Winter is my favorite season.	冬は私の好きな季節です。	Winter (冬) / is (は) / my (私の) / favorite (お気に入りの) / season (季節)
She gave him a stare.	彼女は彼をじっと見つめた。	She (彼女) / gave (与えた) / him (彼に) / a (一つの) / stare (視線)
My neighbour has a cat.	私の隣人は猫を飼っています。	My (私の) / neighbour (隣人) / has (持っている) / a (一匹の) / cat (猫)
He wore a red tie.	彼は赤いネクタイをしていた。	He (彼) / wore (着ていた) / a (赤い) / red (赤い) / tie (ネクタイ)
We climb the steep hill.	私たちは険しい丘を登ります。	We (私たちは) / climb (登る) / the (その) / steep (急な) / hill (丘)
I hide behind the tree.	私は木の後ろに隠れる。	I (私) / hide (隠れる) / behind (後ろ) / the (その) / tree (木)
The ball fell into hole.	ボールが穴に落ちた。	The (その) / ball (ボール) / fell (落ちた) / into (に) / hole (穴)
The elephant is huge.	象は巨大です。	The (ザ) / elephant (象) / is (は) / huge (大きい)
Her skin feels very soft.	彼女の肌はとても柔らかいと感じます。	Her (彼女の) / skin (肌) / feels (感じる) / very (非常に) / soft (柔らかい)
She has twelve colorful crayons.	彼女は12本のカラフルなクレヨンを持っています。	She (彼女) / has (持っている) / twelve (十二) / colorful (カラフルな) / crayons (クレヨン)
The bread smells fresh today.	パンは今日新鮮な香りがします。	The (その) / bread (パン) / smells (香りがする) / fresh (新鮮) / today (今日)
The rain started to fall.	雨が降り始めた。	The (その) / rain (雨) / started (始まった) / to (に) / fall (降る)
They hunt every weekend.	彼らは毎週末狩りをします。	They (彼ら) / hunt (狩る) / every (毎) / weekend (週末)
My shoes feel too tight.	私の靴はきつすぎる感じがします。	My (私の) / shoes (靴) / feel (感じる) / too (あまりにも) / tight (きつい)
The garden looks pretty today.	庭が今日は綺麗に見えます。	The (その) / garden (庭) / looks (見える) / pretty (きれい) / today (今日)
The wind began to blow.	風が吹き始めた。	The (その) / wind (風) / began (始めた) / to (に) / blow (吹く)
The sun is bright today.	今日は太陽が明るいです。	The (その) / sun (太陽) / is (は) / bright (明るい) / today (今日)
The cat sat beside me.	猫が私のそばに座った。	The (その) / cat (猫) / sat (座った) / beside (そばに) / me (私の)
The tear rolled down softly.	涙が静かに流れ落ちた。	The (その) / tear (涙) / rolled (転がった) / down (下に) / softly (優しく)
We sailed the boat yesterday.	昨日、私たちはボートを航行しました。	We (私たち) / sailed (航海した) / the (その) / boat (ボート) / yesterday (昨日)
The sky is grey today.	今日は空が灰色です。	The (その) / sky (空) / is (は) / grey (灰色) / today (今日)
Carry a heavy load carefully.	重い荷物を慎重に運んでください。	Carry (運ぶ) / a (ひとつの) / heavy (重い) / load (荷物) / carefully (慎重に)
Lock the door, please.	ドアに鍵をかけてください。	Lock (ロック) / the (その) / door (ドア) / please (お願いします)
I love playing football.	サッカーをするのが大好きです。	I (私) / love (愛する) / playing (遊ぶ) / football (サッカー)
The mountain view is breathtaking.	山の景色は息をのむほど美しいです。	The (その) / mountain (山) / view (眺め) / is (は) / breathtaking (息をのむような)
She enjoys red wine.	彼女は赤ワインを楽しみます。	She (彼女) / enjoys (楽しむ) / red (赤) / wine (ワイン)
Everyone makes a mistake sometimes.	誰でも時々間違いをするものです。	Everyone (みんな) / makes (作る) / a (1つの) / mistake (ミス) / sometimes (時々)
Hello, how are you today?	こんにちは、お元気ですか？	Hello (こんにちは) / how (どう) / are (です) / you (あなた) / today (今日)
That was an odd sound.	それは奇妙な音でした。	That (それ) / was (でした) / an (一つの) / odd (奇妙な) / sound (音)
This shirt feels cheap.	このシャツは安っぽく感じます。	This (この) / shirt (シャツ) / feels (感じがする) / cheap (安い)
Cats love to jump high.	猫は高く跳ぶのが大好きです。	Cats (猫) / love (愛している) / to (に) / jump (ジャンプする) / high (高く)
My grandfather likes gardening.	私の祖父は園芸が好きです。	My (私の) / grandfather (祖父) / likes (好きです) / gardening (園芸)
She is willing to help.	彼女は喜んで手伝ってくれる。	She (彼女) / is (である) / willing (喜んで) / to (に) / help (助ける)
We had a nice conversation.	私たちは素敵な会話をしました。	We (私たち) / had (した) / a (一つの) / nice (素敵な) / conversation (会話)
The engine stopped suddenly.	エンジンが突然止まった。	The (その) / engine (エンジン) / stopped (止まった) / suddenly (突然に) / .
The wild horse ran fast.	野生の馬は速く走った。	The (その) / wild (野生の) / horse (馬) / ran (走った) / fast (速く)
I ride the bus daily.	私は毎日バスに乗ります。	I (私) / ride (乗る) / the (その) / bus (バス) / daily (毎日)
The gentle breeze feels nice.	優しい風が気持ちいいです。	The (その) / gentle (優しい) / breeze (そよ風) / feels (感じる) / nice (心地よい)
I love this song.	この曲が大好きです。	I (私) / love (愛する) / this (この) / song (曲)
The room is completely empty.	部屋は完全に空っぽです。	The (その) / room (部屋) / is (は) / completely (完全に) / empty (空っぽ)
I forgot my stuff again.	また忘れ物をしました。	I (私) / forgot (忘れた) / my (私の) / stuff (物) / again (また)
The book has thick pages.	その本は厚いページがあります。	The (その) / book (本) / has (はあります) / thick (厚い) / pages (ページ)
The noise woke me up.	騒音で目が覚めました。	The (その) / noise (騒音) / woke (起こした) / me (私を) / up (起こして)
I drink coffee every morning.	私は毎朝コーヒーを飲みます。	I (私) / drink (飲みます) / coffee (コーヒー) / every (毎) / morning (朝)
The weather is nice today.	今日は天気がいいです。	The (その) / weather (天気) / is (は) / nice (いい) / today (今日)
We enjoyed a delicious meal.	美味しい食事を楽しみました。	We (私たち) / enjoyed (楽しみました) / a (a) / delicious (美味しい) / meal (食事)
He is my fellow traveler.	彼は私の仲間の旅行者です。	He (彼) / is (です) / my (私の) / fellow (仲間) / traveler (旅人)
This apple tastes really sweet.	このリンゴはとても甘い味がします。	This (これ) / apple (リンゴ) / tastes (の味) / really (本当に) / sweet (甘い).
Let's meet tonight.	今夜会いましょう。	Let's (レッツ) / meet (会いましょう) / tonight (今夜)
Dinner is ready now.	夕食の準備ができました。	Dinner (夕食) / is (が) / ready (準備できました) / now (今)
He carried a tiny gun.	彼は小さな銃を持っていた。	He (彼) / carried (運んだ) / a (小さな) / tiny (小さな) / gun (銃)
She bit her bottom lip.	彼女は下唇を噛んだ。	She (彼女) / bit (噛んだ) / her (彼女の) / bottom (下) / lip (唇)
He began to shout loudly.	彼は大声で叫び始めた。	He (彼) / began (始めた) / to (に) / shout (叫ぶ) / loudly (大声で)
Don't slip on ice.	氷で滑らないで。	Don't (しない) / slip (滑る) / on (の上で) / ice (氷)
She cooked an egg swiftly.	彼女は卵をさっと料理した。	She (彼女) / cooked (料理した) / an (一つの) / egg (卵) / swiftly (素早く) / .
She feels sad today.	彼女は今日悲しいと感じています。	She (彼女) / feels (感じる) / sad (悲しい) / today (今日)
The bottle is empty.	瓶が空です。	The (その) / bottle (ボトル) / is (は) / empty (空です)
The trip was amazing.	旅行は素晴らしかったです。	The (その) / trip (旅行) / was (は) / amazing (素晴らしかった)
The road is very rough.	道路はとても荒れています。	The (その) / road (道) / is (は) / very (とても) / rough (荒い)
He is feeling sick today.	彼は今日は具合が悪いです。	He (彼) / is (は) / feeling (感じている) / sick (気分が悪い) / today (今日)
The birth was a surprise.	出産は驚きでした。	The (その) / birth (誕生) / was (でした) / a (ある) / surprise (驚き)
The garden looks lovely today.	今日の庭は素敵に見えます。	The (その) / garden (庭) / looks (見える) / lovely (素敵な) / today (今日)
Diamonds are often very expensive.	ダイヤモンドはしばしば非常に高価です。	Diamonds (ダイヤモンド) / are (です) / often (しばしば) / very (非常に) / expensive (高価な).
She wore a necklace around her neck.	彼女は首にネックレスをつけていた。	She (彼女) / wore (着けていた) / a (一つの) / necklace (ネックレス) / around (周りに) / her (彼女の) / neck (首)
The weather feels cool today.	今日は涼しく感じます。	The (ザ) / weather (天気) / feels (感じられる) / cool (涼しい) / today (今日)
She gave a quick glance.	彼女はちらっと見た。	She (彼女) / gave (与えた) / a (ある) / quick (素早い) / glance (一瞥)
We rent a small apartment.	私たちは小さなアパートを借りています。	We (私たちは) / rent (借ります) / a (一つの) / small (小さな) / apartment (アパート)
Monday is my favorite day.	月曜日は私の好きな日です。	Monday (月曜日) / is (です) / my (私の) / favorite (好きな) / day (日)
The cat is very fat.	その猫はとても太っています。	The (その) / cat (猫) / is (は) / very (非常に) / fat (太っている)
The kid plays outside daily.	その子供は毎日外で遊びます。	The (その) / kid (子供) / plays (遊ぶ) / outside (外で) / daily (毎日)
I whispered in his ear.	彼の耳にささやいた。	I (私) / whispered (囁いた) / in (に) / his (彼の) / ear (耳)
Friday is my favorite day.	金曜日は私の大好きな日です。	Friday (金曜日) / is (です) / my (私の) / favorite (お気に入りの) / day (日)
The ice melted quickly today.	今日は氷がすぐに溶けました。	The (その) / ice (氷) / melted (溶けた) / quickly (素早く) / today (今日)
The sail caught the wind.	帆が風を捉えた。	The (その) / sail (帆) / caught (捕まえた) / the (その) / wind (風)
He can kick the ball.	彼はボールを蹴ることができる。	He (彼) / can (できる) / kick (蹴る) / the (その) / ball (ボール)
The wheel rolled away fast.	車輪が速く転がっていった。	The (その) / wheel (車輪) / rolled (転がった) / away (遠くへ) / fast (速く)
I had a big lunch.	大きな昼食を取りました。	I (私) / had (食べた) / a (大きな) / big (大きな) / lunch (昼食)
We ought to go home.	私たちは家に帰るべきです。	We (私たち) / ought (べき) / to (に) / go (行く) / home (家)
Someone knock on the door.	誰かがドアをノックしている。	Someone (誰か) / knock (ノック) / on (に) / the (その) / door (ドア)
Take a deep breath now.	今、深呼吸してください。	Take (取る) / a (一つの) / deep (深い) / breath (息) / now (今)
The candy tastes very sweet.	キャンディはとても甘い味がします。	The (その) / candy (キャンディー) / tastes (は) / very (とても) / sweet (甘い)
I smell cookies baking.	クッキーが焼けるにおいがする。	I (私) / smell (嗅ぐ) / cookies (クッキー) / baking (焼ける)
The cat chased the mouse.	猫がネズミを追いかけた。	The (その) / cat (猫) / chased (追いかけた) / the (その) / mouse (鼠)
Do not steal from anyone.	誰からも盗まないでください。	Do (する) / not (ない) / steal (盗む) / from (から) / anyone (誰からも)
I lost my tooth yesterday.	昨日歯を失いました。	I (私) / lost (失った) / my (私の) / tooth (歯) / yesterday (昨日)
I can't afford it.	買う余裕がありません。	I (私) / can't (できない) / afford (余裕がある) / it (それ)
She is always busy cooking.	彼女はいつも料理で忙しいです。	She (彼女) / is (です) / always (いつも) / busy (忙しい) / cooking (料理する)
Blue is my favourite color.	青は私の好きな色です。	Blue (ブルー) / is (は) / my (私の) / favourite (お気に入り) / color (色)
The weather was terrible today.	今日は天気がひどかったです。	The (ザ) / weather (天気) / was (でした) / terrible (ひどかった) / today (今日)
She is afraid of spiders.	彼女はクモが怖いです。	She (彼女) / is (です) / afraid (恐れている) / of (の) / spiders (クモ)
Wake up at 7 AM.	午前7時に起きる。	Wake (起きる) / up (上がる) / at (で) / 7 (7) / AM (午前)
The sky is very blue.	空はとても青い。	The (その) / sky (空) / is (です) / very (非常に) / blue (青い)
She wore a red coat.	彼女は赤いコートを着ていた。	She (彼女) / wore (着た) / a (赤い) / red (赤い) / coat (コート)
I drink milk daily.	私は毎日牛乳を飲みます。	I (私) / drink (飲む) / milk (牛乳) / daily (毎日)
I hate waking up early.	早起きが嫌いです。	I (私) / hate (嫌い) / waking (目覚める) / up (起きる) / early (早く)
She hurt her left knee.	彼女は左膝を痛めた。	She (彼女) / hurt (傷つけた) / her (彼女の) / left (左) / knee (膝)
The pot is on fire.	鍋が燃えている。	The (その) / pot (鍋) / is (は) / on (の上で) / fire (火)
Wait here till noon.	正午までここで待ってください。	Wait (待て) / here (ここ) / till (まで) / noon (正午)
The answer is definite no.	答えは明確なノーです。	The (その) / answer (答え) / is (は) / definite (明確な) / no (いいえ)
We set up camp early.	私たちは早くキャンプを設営しました。	We (私たち) / set up (設営する) / camp (キャンプ) / early (早く)
The dog found a bone.	犬が骨を見つけた。	The (その) / dog (犬) / found (見つけた) / a (1つの) / bone (骨)
She gave him a kiss.	彼女は彼にキスをした。	She (彼女) / gave (与えた) / him (彼に) / a (一つの) / kiss (キス)
The company earned two billion.	その会社は20億を稼ぎました。	The (その) / company (会社) / earned (稼いだ) / two (二) / billion (十億)
Please shut the door.	ドアを閉めてください。	Please (ください) / shut (閉めて) / the (その) / door (ドア)
"Where the hell is it?"	一体どこにあるんだ？	Where (どこ) / the (その) / hell (地獄) / is (は) / it (それ)
Let’s swim in the ocean.	海で泳ごう。	Let's (さあ) / swim (泳ごう) / in (で) / the (その) / ocean (海)
There is plenty of food.	食べ物がたくさんあります。	There (そこ) / is (ある) / plenty (たくさん) / of (の) / food (食べ物)
The yellow bird sang beautifully.	黄色い鳥が美しく歌った。	The (その) / yellow (黄色い) / bird (鳥) / sang (歌った) / beautifully (美しく)
She was angry yesterday.	彼女は昨日怒っていました。	She (彼女) / was (でした) / angry (怒っていた) / yesterday (昨日)
We swam in the lake.	私たちは湖で泳ぎました。	We (私たちは) / swam (泳いだ) / in (で) / the (その) / lake (湖)
The building is very tall.	ビルはとても高いです。	The (その) / building (建物) / is (は) / very (とても) / tall (高い)
The guy is really funny.	その男は本当に面白い。	The (その) / guy (男) / is (は) / really (本当に) / funny (面白い)
I might freeze outside tonight.	今夜外で凍えるかもしれない。	I (私) / might (かもしれない) / freeze (凍る) / outside (外) / tonight (今夜)
I need to replace my tire.	タイヤを交換する必要があります。	I (私) / need (必要) / to (に) / replace (交換する) / my (私の) / tire (タイヤ)
She is always honest.	彼女はいつも正直です。	She (彼女) / is (は) / always (いつも) / honest (正直)
She touched her cold nose.	彼女は冷たい鼻に触れた。	She (彼女) / touched (触れた) / her (彼女の) / cold (冷たい) / nose (鼻)
Green grass grows very quickly.	緑の草は非常に速く成長します。	Green (グリーン) / grass (草) / grows (成長する) / very (とても) / quickly (速く)
I heard a pop.	ポンという音を聞きました。	I (私) / heard (聞いた) / a (一つの) / pop (ポップ)
I lost my shoe yesterday.	昨日、靴をなくしました。	I (私) / lost (失くした) / my (私の) / shoe (靴) / yesterday (昨日)
We walked along the beach.	私たちはビーチを歩きました。	We (私たちは) / walked (歩いた) / along (沿って) / the (その) / beach (ビーチ)
He froze in fright.	彼は恐怖で凍りついた。	He (彼) / froze (凍った) / in (で) / fright (恐怖)
The cat hid beneath.	猫は下に隠れました。	The (その) / cat (猫) / hid (隠れた) / beneath (下に)
She enjoys a warm bath.	彼女は暖かいお風呂を楽しんでいます。	She (彼女) / enjoys (楽しむ) / a (一つの) / warm (暖かい) / bath (風呂)
The clock struck eleven exactly.	時計がちょうど11時を打った。	The (ザ) / clock (時計) / struck (打った) / eleven (十一) / exactly (ちょうど)
I guess you're right.	多分あなたが正しいです。	I (私) / guess (推測する) / you (あなた) / are (いる) / right (正しい)
The joke made everyone laugh.	その冗談はみんなを笑わせた。	The (その) / joke (ジョーク) / made (作った) / everyone (みんな) / laugh (笑う)
I like your red shirt.	あなたの赤いシャツが好きです。	I (私) / like (好き) / your (あなたの) / red (赤い) / shirt (シャツ)
The van drove away.	バンが走り去った。	The (その) / van (バン) / drove (運転した) / away (去った)
I ate breakfast today.	私は今日、朝ごはんを食べました。	I (私) / ate (食べた) / breakfast (朝食) / today (今日)
I ate a potato chip.	ポテトチップを食べました。	I (私) / ate (食べた) / a (一つの) / potato (ポテト) / chip (チップ)
I exercise every Wednesday morning.	私は毎週水曜日の朝に運動します。	I (私) / exercise (運動する) / every (毎) / Wednesday (水曜日) / morning (朝)
The grass is still wet.	草はまだ濡れています。	The (その) / grass (草) / is (は) / still (まだ) / wet (濡れている)
He wore a red hat.	彼は赤い帽子をかぶっていた。	He (彼) / wore (着た) / a (赤い) / red (赤い) / hat (帽子)
Doesn't bother me anymore.	もう気にならない。	Doesn't (気にしない) / bother (邪魔する) / me (私) / anymore (もう)
He was mad today.	彼は今日怒っていた。	He (彼) / was (だった) / mad (怒っていた) / today (今日)
Snow fell throughout the night.	夜通し雪が降りました。	Snow (雪) / fell (降った) / throughout (中) / the (その) / night (夜)
She felt rested today.	今日は彼女は休息できたと感じた。	She (彼女) / felt (感じた) / rested (休息した) / today (今日)
I am glad you're here.	あなたがここにいてくれて嬉しいです。	I (私) / am (は) / glad (嬉しい) / you're (あなたが) / here (ここに)
The music was loud.	音楽が大きかった。	The (その) / music (音楽) / was (は) / loud (うるさかった)
The dog wagged its tail.	犬が尻尾を振った。	The (その) / dog (犬) / wagged (振った) / its (その) / tail (尾)
My aunt visited us yesterday.	昨日、おばが私たちを訪ねてきました。	My (私の) / aunt (叔母) / visited (訪れた) / us (私たちを) / yesterday (昨日)
Leaves fall in autumn.	秋に葉が落ちる。	Leaves (葉) / fall (落ちる) / in (で) / autumn (秋)
We meet on Tuesday.	火曜日に会います。	We (私たち) / meet (会う) / on (に) / Tuesday (火曜日)
Please excuse my lateness.	遅れてすみません。	Please (お願いします) / excuse (許してください) / my (私の) / lateness (遅刻)
Let's meet on Thursday.	木曜日に会いましょう。	Let's (やろう) / meet (会いましょう) / on (に) / Thursday (木曜日)
The lecture was boring today.	今日の講義は退屈でした。	The (ザ) / lecture (講義) / was (は) / boring (退屈) / today (今日)
We need to hurry now.	今すぐ急ぐ必要があります。	We (私たち) / need (必要) / to (に) / hurry (急ぐ) / now (今)
The clothes are dirty.	服が汚れています。	The (その) / clothes (服) / are (が) / dirty (汚れている)
He ate all the bread.	彼はパンを全部食べました。	He (彼) / ate (食べた) / all (すべて) / the (その) / bread (パン)
I love chocolate cake.	チョコレートケーキが大好きです。	I (私) / love (愛) / chocolate (チョコレート) / cake (ケーキ)
She waved goodbye to him.	彼女は彼にさようならと手を振った。	She (彼女) / waved (振った) / goodbye (さようなら) / to (に) / him (彼)
I found a shiny penny.	光るペニーを見つけました。	I (私) / found (見つけた) / a (一つの) / shiny (光る) / penny (ペニー)
The dog ran 50 yards.	犬は50ヤード走った。	The (その) / dog (犬) / ran (走った) / 50 (50) / yards (ヤード)
My uncle loves cooking dinner.	私の叔父は夕食を作るのが大好きです。	My (私の) / uncle (叔父) / loves (愛している) / cooking (料理を作る) / dinner (夕食)
He likes to dig holes.	彼は穴を掘るのが好きです。	He (彼) / likes (好き) / to (に) / dig (掘る) / holes (穴)
The weather was absolutely awful.	天気は本当にひどかった。	The (その) / weather (天気) / was (は) / absolutely (本当に) / awful (ひどかった)
The dog ran across yard.	犬が庭を駆け抜けた。	The (その) / dog (犬) / ran (走った) / across (横切って) / yard (庭)
That was a stupid mistake.	それは愚かな間違いでした。	That (それ) / was (だった) / a (ひとつの) / stupid (愚かな) / mistake (間違い)
My throat feels sore today.	今日は喉が痛いです。	My (私の) / throat (喉) / feels (感じる) / sore (痛い) / today (今日)
I bet you are right.	きっとあなたが正しいと思う。	I (私は) / bet (に賭ける) / you (あなたは) / are (です) / right (正しい)
I like grilled chicken sandwiches.	私はグリルチキンサンドイッチが好きです。	I (私) / like (好き) / grilled (焼き) / chicken (チキン) / sandwiches (サンドイッチ)
I eat an orange daily.	私は毎日オレンジを食べます。	I (私) / eat (食べる) / an (一つの) / orange (オレンジ) / daily (毎日)
I am very hungry now.	今、とてもお腹が空いています。	I (私) / am (です) / very (とても) / hungry (お腹が空いた) / now (今)
The room looks very neat.	部屋はとてもきれいに見えます。	The (その) / room (部屋) / looks (見える) / very (とても) / neat (きれい)
Clean up this messy room.	この散らかった部屋を片付けてください。	Clean (掃除) / up (上) / this (この) / messy (散らかった) / room (部屋)
Let's watch a movie.	映画を見ましょう。	Let's (さあ) / watch (見ましょう) / a (a) / movie (映画)
The child is thirteen years.	その子供は13歳です。	The (その) / child (子供) / is (は) / thirteen (十三) / years (歳)
The temperature is zero degrees.	気温は零度です。	The (ザ) / temperature (温度) / is (は) / zero (ゼロ) / degrees (度)
That's a silly mistake.	それは愚かな間違いです。	That's (それは) / a (一つの) / silly (愚かな) / mistake (間違い)
Get rid of old clothes.	古い服を処分する。	Get (手に入れる) / rid (取り除く) / of (の) / old (古い) / clothes (服)
Darling, you look amazing today.	ダーリン、今日はとても素敵に見えるよ。	Darling (ダーリン) / you (あなた) / look (見える) / amazing (素晴らしい) / today (今日)
The rabbit jumps over grass.	ウサギが草の上を跳ねる。	The (その) / rabbit (ウサギ) / jumps (跳ぶ) / over (越えて) / grass (草)
The loud noise did scare.	大きな音は怖かった。	The (その) / loud (大きな) / noise (音) / did (した) / scare (驚かせる)
This food tastes like rubbish.	この食べ物はゴミのような味がします。	This (これ) / food (食べ物) / tastes (味) / like (ようだ) / rubbish (ゴミ)
Pardon me, I misheard.	すみません、聞き間違えました。	Pardon (失礼) / me (私) / I (私) / misheard (聞き間違えた)
That movie was absolutely horrible.	あの映画は本当にひどかった。	That (それ) / movie (映画) / was (でした) / absolutely (絶対的に) / horrible (ひどい)
This weather is absolutely crazy.	この天気は本当におかしいです。	This (この) / weather (天気) / is (は) / absolutely (完全に) / crazy (狂っている)
The cat is underneath 	猫は下にいます。	The (その) / cat (猫) / is (は) / underneath (下に)
She felt too shy inside.	彼女は内心とても恥ずかしかった。	She (彼女) / felt (感じた) / too (あまりに) / shy (恥ずかしがり) / inside (内側で)
The painting is very ugly.	その絵はとても醜い。	The (その) / painting (絵) / is (は) / very (とても) / ugly (醜い)
I felt ashamed yesterday.	昨日、恥ずかしかったです。	I (私) / felt (感じた) / ashamed (恥ずかしかった) / yesterday (昨日)
This cake is delicious.	このケーキは美味しいです。	This (この) / cake (ケーキ) / is (は) / delicious (美味しい)
He is feeling lazy today.	彼は今日は怠けたい気分です。	He (彼) / is (です) / feeling (感じている) / lazy (怠惰) / today (今日)
That puppy is very naughty.	その子犬はとてもいたずらです。	That (その) / puppy (子犬) / is (は) / very (とても) / naughty (いたずら好き)
He quenched his thirst quickly.	彼はすぐに渇きを癒した。	He (彼) / quenched (癒した) / his (彼の) / thirst (渇き) / quickly (迅速に)
The spider spins a web.	クモが巣を張る。	The (その) / spider (クモ) / spins (張る) / a (1つの) / web (巣)