ผม ชอบ กิน	I like eating.	ผม (I) / ชอบ (like) / กิน (eat)
ฉัน ทราบ แล้ว	I know already.	ฉัน (I) / ทราบ (know) / แล้ว (already)
คุณ สวย มาก	You are very beautiful.	คุณ (you) / สวย (beautiful) / มาก (very)
ฉัน มี เพื่อน	I have friends.	ฉัน (I) / มี (have) / เพื่อน (friend)
ฉัน ขับ รถ	I drive a car.	ฉัน (I) / ขับ (drive) / รถ (car)
แมว สีดำ	Black cat.	แมว (cat) / สี (color) / ดำ (black)
ฉัน อยู่ บ้าน	I am at home.	ฉัน (I) / อยู่ (am) / บ้าน (home)
ช้าง ใหญ่ มาก	The elephant is very big.	ช้าง (elephant) / ใหญ่ (big) / มาก (very much)
ดื่ม น้ำ ผลไม้	Drink fruit juice.	ดื่ม (drink) / น้ำ (water) / ผลไม้ (fruit)
ไป กับ เพื่อน	Go with friends.	ไป (go) / กับ (with) / เพื่อน (friend)
ตัว ใหญ่	Big.	ตัว (body) / ใหญ่ (big)
ถึง เวลา แล้ว	It's time.	ถึง (to/arrive) / เวลา (time) / แล้ว (already).
บ้าน ที่ สวย	Beautiful house.	บ้าน (house) / ที่ (that) / สวย (beautiful)
ฉัน โทรศัพท์ หาเขา	I called him.	ฉัน (I) / โทรศัพท์ (call) / หา (to) / เขา (him)
ฉัน อยู่ ใน บ้าน	I am in the house.	ฉัน (I) / อยู่ (am) / ใน (in) / บ้าน (home)
หลัง บ้าน	Behind the house.	หลัง (behind) / บ้าน (house)
บ้าน ใกล้ โรงเรียน	The house is near the school.	บ้าน (house) / ใกล้ (near) / โรงเรียน (school)
ใคร อยู่ ที่นี่	Who is here?	ใคร (who) / อยู่ (is) / ที่นี่ (here)
ฉัน ทำงาน	I work.	ฉัน (I) / ทำงาน (work)
เงิน มาก มาก	A lot of money.	เงิน (money) / มาก (very) / มาก (very)
ชื่อ ฉัน คือ	My name is.	ชื่อ (name) / ฉัน (I) / คือ (am)
ฉัน ได้ ขนม	I got snacks.	ฉัน (I) / ได้ (got) / ขนม (snack)
แมว นอน ใต้ โต๊ะ	The cat sleeps under the table.	แมว (cat) / นอน (sleeps) / ใต้ (under) / โต๊ะ (table)
ราคา ถูก มาก	Very cheap.	ราคา (price) / ถูก (cheap) / มาก (very)
เที่ยง วัน นี้	This noon.	เที่ยง (noon) / วัน (day) / นี้ (this)
ปู่ สอน การ เล่น	Grandpa teaches playing.	ปู่ (grandfather) / สอน (teach) / การ (the) / เล่น (play)
ฉัน มีด ใหญ่	I have a big knife.	ฉัน (I) / มีด (knife) / ใหญ่ (big)
ล้าง มือ ทันที	Wash your hands immediately.	ล้าง (wash) / มือ (hands) / ทันที (immediately)
รถ สีแดง สวย	Red car is beautiful.	รถ (car) / สีแดง (red) / สวย (beautiful)
หนาว มาก ครับ	Very cold.	หนาว (cold) / มาก (very) / ครับ (polite particle)
ซื้อ ของ ใหม่	Buy new things.	ซื้อ (buy) / ของ (of) / ใหม่ (new)
กลับ บ้าน เดี๋ยวนี้	Go home now.	กลับ (return) / บ้าน (home) / เดี๋ยวนี้ (now)
ไป ก่อน เดี๋ยวนี้	Go now.	ไป (go) / ก่อน (before) / เดี๋ยวนี้ (now)
ฉัน ใส่ กางเกง	I wear pants.	ฉัน (I) / ใส่ (wear) / กางเกง (pants)
ฉัน กิน ข้าว	I eat rice.	ฉัน (I) / กิน (eat) / ข้าว (rice)
บ้าน เก่า มาก	The house is very old.	บ้าน (house) / เก่า (old) / มาก (very)
บ้าน ไกล มาก	The house is very far.	บ้าน (house) / ไกล (far) / มาก (very)
ฉัน ชอบ ของ	I like things.	ฉัน (I) / ชอบ (like) / ของ (things)
บ้าน ข้างๆ ฉัน	The house next to me.	บ้าน (house) / ข้างๆ (next to) / ฉัน (I)
ฉัน ขาย ผลไม้	I sell fruit.	ฉัน (I) / ขาย (sell) / ผลไม้ (fruit)
รถ ขึ้น ลิฟต์	The car goes up the lift.	รถ (car) / ขึ้น (ascend) / ลิฟต์ (elevator)
ฉัน เข้าใจ แล้ว	I understand now.	ฉัน (I) / เข้าใจ (understand) / แล้ว (already)
สวัสดี ค่ะ	Hello.	สวัสดี (hello) / ค่ะ (polite particle)
เรียน ภาษา ง่าย	Learn language easily.	เรียน (learn) / ภาษา (language) / ง่าย (easy)
มา จาก ไหน	Where are you from?	มา (come) / จาก (from) / ไหน (where)
ฉัน จ่าย เงิน	I paid money.	ฉัน (I) / จ่าย (pay) / เงิน (money)
ฉัน ชอบ หนัง	I like movies.	ฉัน (I) / ชอบ (like) / หนัง (movie)
เช้า ดี มาก	Very good morning.	เช้า (morning) / ดี (good) / มาก (very)
ฉัน ซื้อ แอปเปิ้ล	I buy apples.	ฉัน (I) / ซื้อ (buy) / แอปเปิ้ล (apple)
ดู หนัง สนุก	Watch an enjoyable movie.	ดู (watch) / หนัง (movie) / สนุก (fun)
เด็ก อยู่ ที่ โรงเรียน	The child is at school.	เด็ก (child) / อยู่ (is) / ที่ (at) / โรงเรียน (school)
ฉัน เดิน ไป โรงเรียน	I walk to school.	ฉัน (I) / เดิน (walk) / ไป (to) / โรงเรียน (school)
วันนี้ เป็น เดือน กันยายน	Today is September.	วันนี้ (today) / เป็น (is) / เดือน (month) / กันยายน (September)
ไป ทาง ตรงนี้	Go this way.	ไป (go) / ทาง (way) / ตรงนี้ (here)
ฉัน ไป ตลาด	I go to the market.	ฉัน (I) / ไป (go) / ตลาด (market)
ฉัน อยาก ไป แต่ ไม่ได้	I want to go but I can't.	ฉัน (I) / อยาก (want) / ไป (go) / แต่ (but) / ไม่ได้ (cannot)
รถ แล่น อยู่ บน ถนน	The car is driving on the road.	รถ (car) / แล่น (running) / อยู่ (is) / บน (on) / ถนน (road)
เรา จะ ไป ทาง ไหน	Which way will we go?	เรา (we) / จะ (will) / ไป (go) / ทาง (way) / ไหน (which)
ฉัน จะ ทาน ข้าว	I will eat.	ฉัน (I) / จะ (will) / ทาน (eat) / ข้าว (rice)
ฉัน ทำ อาหาร นี่	I cooked this food.	ฉัน (I) / ทำ (make) / อาหาร (food) / นี่ (this)
ฉัน ทำงาน ทุกวัน	I work every day.	ฉัน (I) / ทำงาน (work) / ทุกวัน (every day)
ทำไม คุณ ไม่ มา	Why didn't you come?	ทำไม (why) / คุณ (you) / ไม่ (not) / มา (come)
ฉัน ดื่ม นม ทุกวัน	I drink milk every day.	ฉัน (I) / ดื่ม (drink) / นม (milk) / ทุกวัน (every day)
ฉัน ชอบ กิน เนื้อ	I like to eat meat.	ฉัน (I) / ชอบ (like) / กิน (eat) / เนื้อ (meat)
ประเทศไทย มี วัฒนธรรม ที่หลากหลาย	Thailand has a diverse culture.	ประเทศไทย (Thailand) / มี (has) / วัฒนธรรม (culture) / ที่ (that) / หลากหลาย (diverse)
อีก ประมาณ ห้านาที	In about five minutes.	อีก (another) / ประมาณ (approximately) / ห้า (five) / นาที (minutes)
ฉัน เรียน ไทย ปี	I study Thai.	ฉัน (I) / เรียน (study) / ไทย (Thai) / ปี (year)
ฉัน จะ ไป โรงเรียน	I will go to school.	ฉัน (I) / จะ (will) / ไป (go) / โรงเรียน (school)
ผู้ชาย ชอบ กิน ข้าว	Men like eating rice.	ผู้ชาย (man) / ชอบ (likes) / กิน (eat) / ข้าว (rice)
ฉัน พบ เพื่อนใหม่	I met a new friend.	ฉัน (I) / พบ (meet) / เพื่อนใหม่ (new friends)
เขา พูด ภาษาไทย 	He speaks Thai.	เขา (he) / พูด (speak) / ภาษาไทย (Thai)
ฉัน มี เพื่อน ใหม่	I have a new friend.	ฉัน (I) / มี (have) / เพื่อน (friend) / ใหม่ (new)
อาหาร นี้ แพง มาก	This food is very expensive.	อาหาร (food) / นี้ (this) / แพง (expensive) / มาก (very)
ฉัน ชอบ ฟัง เพลง	I like listening to music.	ฉัน (I) / ชอบ (like) / ฟัง (listen) / เพลง (music)
เด็ก ฟัน น้ำนม หลุด	The child's baby tooth came out.	เด็ก (child) / ฟัน (tooth) / น้ำนม (milk) / หลุด (fall out)
มือ ของ ฉัน สกปรก	My hands are dirty.	มือ (hand) / ของ (of) / ฉัน (my) / สกปรก (dirty)
อากาศ ตอนเย็น เย็น	The weather in the evening is cool.	อากาศ (weather) / ตอนเย็น (evening) / เย็น (cool)
อากาศ วันนี้ ร้อน มาก	The weather is very hot today.	อากาศ (weather) / วันนี้ (today) / ร้อน (hot) / มาก (very)
รับ อาหาร ที่ ร้าน	Pick up food at the shop.	รับ (receive) / อาหาร (food) / ที่ (at) / ร้าน (shop)
ฉัน รู้ ความจริง	I know the truth.	ฉัน (I) / รู้ (know) / ความจริง (truth)
ฉัน เรียน ภาษาไทย	I study Thai language.	ฉัน (I) / เรียน (learn) / ภาษาไทย (Thai language)
เรื่อง นี้ น่าสนใจ	This story is interesting.	เรื่อง (story) / นี้ (this) / น่า (interesting) / สนใจ (interest)
ฉัน ไป โรงพยาบาล	I go to the hospital.	ฉัน (I) / ไป (go) / โรงพยาบาล (hospital)
แม่ กับ ลูก เล่น	Mother and child play.	แม่ (mother) / กับ (with) / ลูก (child) / เล่น (play)
ฉัน เลือก หนังสือ	I choose the book.	ฉัน (I) / เลือก (choose) / หนังสือ (book)
เวลา เริ่ม ต้น แล้ว	Time has started.	เวลา (time) / เริ่ม (begin) / ต้น (initial) / แล้ว (already)
ส่ง เอกสาร ไป เลย	Send the document over now.	ส่ง (send) / เอกสาร (document) / ไป (go) / เลย (right away)
วันนี้ ฉัน มาสาย	Today, I am late.	วันนี้ (today) / ฉัน (I) / มาสาย (am late)
เขา สูง มาก	He is very tall.	เขา (He/She) / สูง (Tall) / มาก (Very)
เสือ วิ่ง ใน ป่า	The tiger runs in the forest.	เสือ (tiger) / วิ่ง (run) / ใน (in) / ป่า (forest)
กระเป๋า นี้ หนัก มาก	This bag is very heavy.	กระเป๋า (bag) / นี้ (this) / หนัก (heavy) / มาก (very)
ฉัน ชอบ ดู หนัง	I like watching movies.	ฉัน (I) / ชอบ (like) / ดู (watch) / หนัง (movie)
หน้า โรงเรียน สะอาด	The front of the school is clean.	หน้า (in front of) / โรงเรียน (school) / สะอาด (clean)
ฉัน กิน หมู ย่าง	I eat grilled pork.	ฉัน (I) / กิน (eat) / หมู (pork) / ย่าง (grilled)
แม่ ให้ ของขวัญ	Mom gives a gift.	แม่ (mother) / ให้ (gives) / ของขวัญ (gift)
ทำ อย่างไร ดี	What should I do?	ทำ (do) / อย่างไร (how) / ดี (well)
นี่ คือ อะไร	What is this?	นี่ (this) / คือ (is) / อะไร (what)
อากาศ ดี มาก วันนี้	The weather is very nice today.	อากาศ (weather) / ดี (good) / มาก (very) / วันนี้ (today)
วัน อาทิตย์ อากาศ ดี	Sunday weather is good.	วัน (day) / อาทิตย์ (Sunday) / อากาศ (weather) / ดี (good)
เขา อายุ ยี่สิบปี	He is twenty years old.	เขา (he) / อายุ (age) / ยี่สิบ (twenty) / ปี (years)
อาหาร อร่อย มาก ครับ	The food is very delicious.	อาหาร (food) / อร่อย (delicious) / มาก (very) / ครับ (polite particle for men)
ฉัน เกิด เดือน กรกฎาคม	I was born in July.	ฉัน (I) / เกิด (was born) / เดือน (month) / กรกฎาคม (July)
ฉัน ใช้ กระดาษ วาด	I use paper to draw.	ฉัน (I) / ใช้ (use) / กระดาษ (paper) / วาด (draw)
ฝน ตก หนัก กว่า เมื่อวาน	It is raining harder than yesterday.	ฝน (rain) / ตก (fall) / หนัก (heavily) / กว่า (more than) / เมื่อวาน (yesterday)
ฉัน เกิด เดือน กันยายน	I was born in September.	ฉัน (I) / เกิด (born) / เดือน (month) / กันยายน (September)
ฉัน ชอบ ดื่ม กาแฟ	I like to drink coffee.	ฉัน (I) / ชอบ (like) / ดื่ม (drink) / กาแฟ (coffee)
ฉัน กำลัง กิน ข้าว	I am eating rice.	ฉัน (I) / กำลัง (am) / กิน (eating) / ข้าว (rice)
เดือนนี้ คือ กุมภาพันธ์	This month is February.	เดือนนี้ (this month) / คือ (is) / กุมภาพันธ์ (February)
เผ็ด เกินไป หน่อย	A little too spicy.	เผ็ด (spicy) / เกินไป (too) / หน่อย (a little)
หนังสือ เกี่ยวกับ อาหารไทย	A book about Thai food.	หนังสือ (book) / เกี่ยวกับ (about) / อาหารไทย (Thai food)
เขา เกือบ จะ สำเร็จ	He almost succeeded.	เขา (he) / เกือบ (almost) / จะ (will) / สำเร็จ (succeed)
เขา แก่ กว่า ฉัน	He is older than me.	เขา (he) / แก่ (older) / กว่า (than) / ฉัน (I)
ฉัน จะแก้ ปัญหา	I will solve the problem.	ฉัน (I) / จะแก้ (will solve) / ปัญหา (problem)
แก้ว ใส่ น้ำ แข็ง	A glass with ice.	แก้ว (glass) / ใส่ (put) / น้ำ (water) / แข็ง (ice)
ฉัน ชอบ กิน ไก่	I like to eat chicken.	ฉัน (I) / ชอบ (like) / กิน (eat) / ไก่ (chicken)
ขอ ไป ด้วย นะ	Can I come along?	ขอ (may) / ไป (go) / ด้วย (with) / นะ (okay)
พ่อ ขับ รถยนต์	Father drives a car.	พ่อ (father) / ขับ (drive) / รถยนต์ (car)
ขา แมว ของ น้อง	Younger sibling's cat's leg.	ขา (leg) / แมว (cat) / ของ (of) / น้อง (younger sibling)
แมว อยู่ ข้างหลัง โต๊ะ	The cat is behind the table.	แมว (cat) / อยู่ (is) / ข้างหลัง (behind) / โต๊ะ (table)
ฉัน กิน ข้าว ทุกวัน	I eat rice every day.	ฉัน (I) / กิน (eat) / ข้าว (rice) / ทุกวัน (every day)
ฉัน ชอบ เขียน หนังสือ	I like writing books.	ฉัน (I) / ชอบ (like) / เขียน (write) / หนังสือ (books or book)
ฉัน เห็น คน มากมาย	I see many people.	ฉัน (I) / เห็น (see) / คน (people) / มากมาย (many)
ฉัน รัก ครอบครัว มาก	I love my family very much.	ฉัน (I) / รัก (love) / ครอบครัว (family) / มาก (very much)
สวัสดี ครับ คุณครู	Hello, teacher.	สวัสดี (hello) / ครับ (polite particle) / คุณครู (teacher)
ครู สอน นักเรียน คณิตศาสตร์	The teacher teaches the students mathematics.	ครู (teacher) / สอน (teach) / นักเรียน (student) / คณิตศาสตร์ (mathematics)
รถติดมาก คับ	The traffic is very heavy.	รถ (car) / ติด (stuck) / มาก (very) / คับ (polite particle)
ฉัน คิด ถึง เธอ	I miss you.	ฉัน (I) / คิด (think) / ถึง (of) / เธอ (you)
คืนนี้ นอน หลับ สบาย	Sleep well tonight.	คืนนี้ (tonight) / นอน (sleep) / หลับ (asleep) / สบาย (comfortably)
พวก เขา เป็น คู่ รัก	They are a couple.	พวกเขา (they) / เป็น (are) / คู่รัก (couple)
ฉัน เคย ไป ญี่ปุ่น	I have been to Japan.	ฉัน (I) / เคย (have) / ไป (been) / ญี่ปุ่น (Japan)
เขา จน แต่ มีความสุข	He is poor but happy.	เขา (he) / จน (poor) / แต่ (but) / มีความสุข (happy)
ฉัน จอด รถ แล้ว	I parked the car already.	ฉัน (I) / จอด (park) / รถ (car) / แล้ว (already)
ฝน จะ ตก แล้ว	It's going to rain.	ฝน (rain) / จะ (will) / ตก (fall) / แล้ว (already)
จังหวัด นี้ สวยงาม	This province is beautiful.	จังหวัด (province) / นี้ (this) / สวยงาม (beautiful)
ฉัน ล้าง จาน ทุกวัน	I wash dishes every day.	ฉัน (I) / ล้าง (wash) / จาน (dishes) / ทุกวัน (every day)
ฉัน ต้องการ ช้อน ใหม่	I need a new spoon.	ฉัน (I) / ต้องการ (want) / ช้อน (spoon) / ใหม่ (new)
ฉัน จะ เช่า รถ	I will rent a car.	ฉัน (I) / จะ (will) / เช่า (rent) / รถ (car)
ผม ใช้ โทรศัพท์ ใหม่	I use a new phone.	ผม (I) / ใช้ (use) / โทรศัพท์ (phone) / ใหม่ (new)
ฉัน ซัก ผ้า แล้ว	I have done the laundry.	ฉัน (I) / ซัก (wash) / ผ้า (clothes) / แล้ว (already)
ฉัน ไป ด้วย	I'm going too.	ฉัน (I) / ไป (go) / ด้วย (with)
เพลง นี้ ดัง มาก	This song is very popular.	เพลง (song) / นี้ (this) / ดัง (popular) / มาก (very)
หนัง ดี มาก	The movie is very good.	หนัง (movie) / ดี (good) / มาก (very)
ฉัน ดีใจ มาก	I am very happy.	ฉัน (I) / ดีใจ (glad) / มาก (very)
ฉัน ได้ยิน เสียงเพลง	I hear music.	ฉัน (I) / ได้ยิน (hear) / เสียงเพลง (music)
เรา ต้อง ไป แล้ว	We have to go now.	เรา (we) / ต้อง (must) / ไป (go) / แล้ว (already)
ตอน เย็น มี คิว	In the evening, there is a queue.	ตอน (evening) / เย็น (cool) / มี (have) / คิว (queue)
ฉัน ตัด ผม เอง	I cut my own hair.	ฉัน (I) / ตัด (cut) / ผม (hair) / เอง (myself)
ตา มอง ดู ทะเล	Grandfather looks at the sea.	ตา (eye) / มอง (look) / ดู (watch) / ทะเล (sea)
ตุลาคม อากาศ เย็น สบาย	October, the weather is cool and comfortable.	ตุลาคม (October) / อากาศ (weather) / เย็น (cool) / สบาย (comfortable)
ต้นไม้ นี้ เตี้ย มาก	This tree is very short.	ต้นไม้ (tree) / นี้ (this) / เตี้ย (short) / มาก (very)
พวกเขา จะแต่งงาน	They will get married.	พวกเขา (they) / จะแต่งงาน (will marry)
ท้อง ฉัน ร้อง จ๊อกๆ	My stomach is growling.	ท้อง (stomach) / ฉัน (I) / ร้อง (making a sound) / จ๊อกๆ (rumbling)
เรา เรียก แท็กซี่	We called a taxi.	เรา (we) / เรียก (call) / แท็กซี่ (taxi)
ฉัน ไป ธนาคาร	I go to the bank.	ฉัน (I) / ไป (go) / ธนาคาร (bank)
ฉัน เกิด เดือน ธันวาคม	I was born in December.	ฉัน (I) / เกิด (born) / เดือน (month) / ธันวาคม (December)
นก บิน บน ท้องฟ้า 	The bird flies in the sky.	นก (bird) / บิน (fly) / บน (on) / ท้องฟ้า (sky)
แมว ฉัน ตัว น้อย มาก	My cat is very small.	แมว (cat) / ฉัน (my) / ตัว (body) / น้อย (little) / มาก (very)
หนังสือ เล่ม นั้น สวย	That book is beautiful.	หนังสือ (book) / เล่ม (volume) / นั้น (that) / สวย (beautiful)
ขอ ลด ราคา นิดหน่อย	Can I get a small discount?	ขอ (may I please) / ลด (reduce) / ราคา (price) / นิดหน่อย (a little bit)
ฉัน ปิด ประตู แล้ว	I closed the door.	ฉัน (I) / ปิด (close) / ประตู (door) / แล้ว (already)
ฉัน เจ็บ ที่ ปาก	My mouth hurts.	ฉัน (I) / เจ็บ (hurt) / ที่ (at) / ปาก (mouth)
ฉัน มี ปากกา หนึ่งด้าม	I have one pen.	ฉัน (I) / มี (have) / ปากกา (pen) / หนึ่ง (one) / ด้าม (piece)
เขา เป็น นักเรียน	He is a student.	เขา (he/she) / เป็น (is) / นักเรียน (student)
ฉัน ไป ไปรษณีย์	I am going to the post office.	ฉัน (I) / ไป (go) / ไปรษณีย์ (post office)
เธอ ผอม มาก เลย	She is very thin.	เธอ (you) / ผอม (thin) / มาก (very) / เลย (indeed)
พรุ่งนี้ ฉันจะไป	Tomorrow, I will go.	พรุ่งนี้ (tomorrow) / ฉัน (I) / จะ (will) / ไป (go)
วันนี้ เดือน พฤศจิกายน	Today is November.	วันนี้ (today) / เดือน (month) / พฤศจิกายน (November)
พ่อ รัก ลูก มาก	Father loves the child very much.	พ่อ (father) / รัก (love) / ลูก (child) / มาก (much)
ฉัน อยาก พัก แล้ว	I want to rest now.	ฉัน (I) / อยาก (want) / พัก (rest) / แล้ว (already)
เปิด ไฟ ใน ห้อง	Turn on the light in the room.	เปิด (turn on) / ไฟ (light) / ใน (in) / ห้อง (room)
เดือน มกราคม อากาศ หนาว	January's weather is cold.	เดือน (month) / มกราคม (January) / อากาศ (weather) / หนาว (cold)
มัน น่าสนใจ มากเลย	It is very interesting.	มัน (it) / น่าสนใจ (interesting) / มาก (very) / เลย (really)
เธอ มา เมื่อไร	When did she come?	เธอ (you) / มา (come) / เมื่อไร (when)
ฉัน ชอบ กิน มาก	I really like to eat.	ฉัน (I) / ชอบ (like) / กิน (eat) / มาก (much)
วันเกิดฉัน มิถุนายน	My birthday is in June.	วันเกิด (birthday) / ฉัน (my) / มิถุนายน (June)
เดือน มีนาคม อากาศ ร้อน	March is hot.	เดือน (month) / มีนาคม (March) / อากาศ (weather) / ร้อน (hot)
เมษายน เป็น เดือนร้อน	April is a hot month.	เมษายน (April) / เป็น (is) / เดือน (month) / ร้อน (hot)
กรุงเทพฯ เป็น เมืองใหญ่	Bangkok is a big city.	กรุงเทพฯ (Bangkok) / เป็น (is) / เมือง (city) / ใหญ่ (big)
ไม้ ใหญ่ ข้าง บ้าน	A large tree next to the house.	ไม้ (wood) / ใหญ่ (big) / ข้าง (beside) / บ้าน (house)
หมอ กำลัง ให้ ยา	The doctor is giving medicine.	หมอ (doctor) / กำลัง (is) / ให้ (giving) / ยา (medicine)
ข้อสอบ นี้ ยาก มาก	This exam is very difficult.	ข้อสอบ (exam) / นี้ (this) / ยาก (difficult) / มาก (very)
ผม มี ผม ยาว	I have long hair.	ผม (I) / มี (have) / ผม (hair) / ยาว (long)
เธอ รวม หนังสือ	She collects books.	เธอ (she) / รวม (collect) / หนังสือ (books)
รองเท้า สี แดง สวย	Beautiful red shoes.	รองเท้า (shoes) / สี (color) / แดง (red) / สวย (beautiful)
เขาวิ่ง รอบๆ บ้าน	He runs around the house.	เขา (he) / วิ่ง (run) / รอบๆ (around) / บ้าน (house)
ราคา เท่าไร ครับ/ค่ะ	How much does it cost?	ราคา (price) / เท่าไร (how much) / ครับ/ค่ะ (polite particle)
คุณ รู้จัก เขาไหม	Do you know him?	คุณ (you) / รู้จัก (know) / เขา (him/her) / ไหม (question particle)
เรือ ลอย อยู่ น้ำ	The boat floats on the water.	เรือ (boat) / ลอย (float) / อยู่ (is) / น้ำ (water)
ฉัน ไป โรงเรียน	I go to school.	ฉัน (I) / ไป (go) / โรงเรียน (school)
เรา อยู่ โรงแรม	We are at the hotel.	เรา (we) / อยู่ (are) / โรงแรม (hotel)
ลิ้น ยาว เกิน ไป	The tongue is too long.	ลิ้น (tongue) / ยาว (long) / เกิน (too) / ไป (go)
ฉัน ลืม กุญแจ	I forgot the key.	ฉัน (I) / ลืม (forgot) / กุญแจ (key)
แมว ของ ฉัน เล็ก	My cat is small.	แมว (cat) / ของ (of) / ฉัน (my) / เล็ก (small)
ชอบ เล่น ฟุตบอล	Like playing football.	ชอบ (like) / เล่น (play) / ฟุตบอล (football)
ไป เลย ไม่ รอ	Go, don't wait.	ไป (go) / เลย (immediately) / ไม่ (not) / รอ (wait)
เขา ไป แล้ว	He has gone.	เขา (he/she) / ไป (go) / แล้ว (already)
ฉัน ไป โรงเรียน วัน จันทร์	I go to school on Monday.	ฉัน (I) / ไป (go) / โรงเรียน (school) / วันจันทร์ (Monday)
วันนี้ วันพุธ ครับ	Today is Wednesday.	วันนี้ (today) / วันพุธ (Wednesday) / ครับ (sir)
พรุ่งนี้ เป็น วัน ศุกร์	Tomorrow is Friday.	พรุ่งนี้ (tomorrow) / เป็น (is) / วันศุกร์ (Friday)
ฉัน ไป เที่ยว วันเสาร์	I go on a trip on Saturday.	ฉัน (I) / ไป (go) / เที่ยว (travel) / วันเสาร์ (Saturday)
ฉัน ไป เรียน วันอังคาร	I go to study on Tuesday.	ฉัน (I) / ไป (go) / เรียน (study) / วันอังคาร (Tuesday)
ฉัน พักผ่อน วันอาทิตย์	I rest on Sunday.	ฉัน (I) / พักผ่อน (rest) / วันอาทิตย์ (Sunday)
ฉัน ว่าง ตอนนี้	I'm free now.	ฉัน (I) / ว่าง (free) / ตอนนี้ (now)
ฉัน ชอบ ว่ายน้ำ	I like swimming.	ฉัน (I) / ชอบ (like) / ว่ายน้ำ (swim)
ฉัน กำลัง สระ ผม	I am washing my hair.	ฉัน (I) / กำลัง (am) / สระ (wash) / ผม (hair)
เธอ สวย มาก ๆ	She is very beautiful.	เธอ (you) / สวย (beautiful) / มาก (very) / ๆ (emphasis)
ครู สอน ภาษาไทย	The teacher teaches Thai language.	ครู (teacher) / สอน (teach) / ภาษาไทย (Thai language)
ที่นี่ สะดวก สบาย จริงๆ	Here, it's really convenient and comfortable.	ที่นี่ (here) / สะดวก (convenient) / สบาย (comfortable) / จริงๆ (really)
ห้อง นี้ สะอาด มาก	This room is very clean.	ห้อง (room) / นี้ (this) / สะอาด (clean) / มาก (very)
กางเกง ตัว นี้ สั้น มาก	These pants are very short.	กางเกง (pants) / ตัว (classifier for clothing items) / นี้ (this) / สั้น (short) / มาก (very)
พี่สาว มี สามี	The older sister has a husband.	พี่สาว (older sister) / มี (has) / สามี (husband)
นี่ สำหรับ คุณ	This is for you.	นี่ (this) / สำหรับ (for) / คุณ (you)
เดือน สิงหาคม อากาศ ร้อน	The weather is hot in August.	เดือน (month) / สิงหาคม (August) / อากาศ (weather) / ร้อน (hot)
สี นี้ สวย มาก	This color is very beautiful.	สี (color) / นี้ (this) / สวย (beautiful) / มาก (very)
ท้องฟ้า เป็น สีฟ้า	The sky is blue.	ท้องฟ้า (sky) / เป็น (is) / สีฟ้า (blue)
เสื้อ สี แดง สวย	The red shirt is beautiful.	เสื้อ (shirt) / สี (color) / แดง (red) / สวย (beautiful)
เขา ยัง โสด อยู่	He is still single.	เขา (he) / ยัง (still) / โสด (single) / อยู่ (is)
ใส่ เสื้อ ไป โรงเรียน	Wear a shirt to school.	ใส่ (wear) / เสื้อ (shirt) / ไป (to) / โรงเรียน (school)
ช่วย ดู หน่อย	Please take a look.	ช่วย (help) / ดู (look) / หน่อย (a little)
กระดาษ หนา มาก	The paper is very thick.	กระดาษ (paper) / หนา (thick) / มาก (very)
ไป หรือ ยัง	Are you going yet?	ไป (go) / หรือ (or) / ยัง (yet)
น้ำตาล หวาน มาก ๆ	Sugar is very sweet.	น้ำตาล (sugar) / หวาน (sweet) / มาก ๆ (very)
ห้องน้ำ อยู่ ที่ไหน	Where is the bathroom?	ห้องน้ำ (bathroom) / อยู่ (is) / ที่ไหน (where)
หัว เขา เจ็บ มาก	His head hurts a lot.	หัว (head) / เขา (he) / เจ็บ (hurt) / มาก (very much)
ฉัน หา หนังสือ	I look for a book.	ฉัน (I) / หา (look for) / หนังสือ (book)
ฉัน เห็น แมว น่ารัก	I see a cute cat.	ฉัน (I) / เห็น (saw) / แมว (cat) / น่ารัก (cute)
ดวงอาทิตย์ อยู่ เหนือ ภูเขา	The sun is above the mountain.	ดวงอาทิตย์ (sun) / อยู่ (is) / เหนือ (above) / ภูเขา (mountain)
คุณ มา ไหม	Are you coming?	คุณ (you) / มา (come) / ไหม (question particle)
หนังสือ อยู่ ใน ห้อง	The book is in the room.	หนังสือ (book) / อยู่ (is) / ใน (in) / ห้อง (room)
เธอ แขน ขา อ่อน	Her arms and legs are weak.	เธอ (she) / แขน (arm) / ขา (leg) / อ่อน (weak)
เธอ อ่าน หนังสือ	She reads a book.	เธอ (you) / อ่าน (read) / หนังสือ (book)
ขอ อีก หนึ่ง แก้ว	May I have one more glass, please?	ขอ (ask/request) / อีก (another/more) / หนึ่ง (one) / แก้ว (glass/cup)
ฉัน อยาก เอา อันนี้	I want to take this.	ฉัน (I) / อยาก (want) / เอา (to take) / อันนี้ (this)
ก้น ของ ฉัน เจ็บ	My butt hurts.	ก้น (butt) / ของ (of) / ฉัน (my) / เจ็บ (hurt)
ขนม นี้ กรอบ มาก	This snack is very crispy.	ขนม (snack) / นี้ (this) / กรอบ (crunchy) / มาก (very)
ฉัน จะ กลับบ้าน	I will go home.	ฉัน (I) / จะ (will) / กลับบ้าน (go home)
ฉัน กิน ข้าว กลางวัน	I have lunch.	ฉัน (I) / กิน (eat) / ข้าวกลางวัน (lunch)
เขา มีกล้าม ใหญ่	He has big muscles.	เขา (he or she) / มี (has) / กล้าม (muscles) / ใหญ่ (big)
กลับบ้าน ก่อนถึง พระอาทิตย์ตก	Go home before the sun sets.	กลับ (return) / บ้าน (home) / ก่อน (before) / ถึง (reach) / พระอาทิตย์ (sun) / ตก (set)
กิน ยา ก่อน อาหาร	Take medicine before meals.	กิน (take) / ยา (medicine) / ก่อน (before) / อาหาร (food)
กิน กับแกล้ม อร่อยมาก	Eat snacks, very delicious.	กิน (eat) / กับแกล้ม (snack) / อร่อย (delicious) / มาก (very)
แม่ ทำ กับข้าว	Mom cooks food.	แม่ (mother) / ทำ (make or cook) / กับข้าว (food or meal)
ฉัน ชอบ ดื่ม กาแฟเย็น	I like to drink iced coffee.	ฉัน (I) / ชอบ (like) / ดื่ม (drink) / กาแฟเย็น (iced coffee)
ฉัน ชอบ กาแฟร้อน	I like hot coffee.	ฉัน (I) / ชอบ (like) / กาแฟร้อน (hot coffee)
ปวดหัว รีบ กินยา	Headache, hurry and take medicine.	ปวด (ache) / หัว (head) / รีบ (hurry) / กิน (take) / ยา (medicine)
มา ทาน ขนม กิน เล่น	Let's have some snacks.	มา (come) / ทาน (eat) / ขนม (snack) / กิน (eat) / เล่น (play)
พรุ่งนี้ เรา ไป กินเลี้ยง	Tomorrow, we are going to a party.	พรุ่งนี้ (tomorrow) / เรา (we) / ไป (go) / กินเลี้ยง (feast)
เขา เลิก กินเหล้า แล้ว	He has quit drinking alcohol.	เขา (he) / เลิก (quit) / กินเหล้า (drinking alcohol) / แล้ว (already)
คุณ อายุ กี่ปี	How old are you?	คุณ (you) / อายุ (age) / กี่ (how many) / ปี (years)
ไป กี่วัน ครับ	How many days are you going?	ไป (go) / กี่ (how many) / วัน (days) / ครับ (polite particle)
บ้าน อยู่ ใกล้ๆ 	The house is nearby.	บ้าน (house) / อยู่ (is) / ใกล้ๆ (nearby)
เรานั่ง ใกล้ ๆ กัน	We sit close to each other.	เรา (we) / นั่ง (sit) / ใกล้ (close) / ๆ (repetition marker) / กัน (together)
ร้าน อยู่ ใกล้กัน	The shop is nearby.	ร้าน (shop) / อยู่ (is) / ใกล้ (near) / กัน (together)
ใกล้จะ ถึง สถานี	Almost at the station.	ใกล้ (near) / จะ (will) / ถึง (arrive) / สถานี (station)
นม ใกล้ จะ หมดอายุ	The milk is about to expire.	นม (milk) / ใกล้จะ (about to) / หมดอายุ (expire)
ขอทาง หน่อย ครับ	Please give me the way.	ขอ (request) / ทาง (way) / หน่อย (a little) / ครับ (sir)
แม่ ขายของ ทุกวัน	Mom sells things every day.	แม่ (mother) / ขาย (sells) / ของ (things) / ทุกวัน (every day)
เขา เป็น ขี้เมา	He is a drunkard.	เขา (he) / เป็น (is) / ขี้เมา (drunkard)
เขา เป็น คน ขี้อาย	He is a shy person.	เขา (he) / เป็น (is) / คน (person) / ขี้อาย (shy)
ต้อง ขื้นเงิน แล้ว	Need to pay now.	ต้อง (must) / ขื้น (up) / เงิน (money) / แล้ว (already)
เขา เป็น ไข้ เลือด ออก	He has dengue fever.	เขา (he) / เป็น (is) / ไข้เลือดออก (dengue fever)
ฉัน เป็น ไข้หวัดใหญ่	I have the flu.	ฉัน (I) / เป็น (am) / ไข้หวัดใหญ่ (flu)
สิ่ง ฃอง เขา หาย	His belongings are missing.	สิ่ง (thing) / ของ (of) / เขา (his) / หาย (lost)
ฉัน ชอบ คนต่างประเทศ	I like foreigners.	ฉัน (I) / ชอบ (like) / คน (person) / ต่างประเทศ (foreign)
คนนี้ เป็น ใคร	Who is this person?	คนนี้ (this person) / เป็น (is) / ใคร (who)
คนโน้น คือ น้องสาว	That person is the younger sister.	คนโน้น (that person) / คือ (is) / น้องสาว (younger sister)
คน พวก นี้ น่า รัก มาก	These people are very cute.	คน (people) / พวกนี้ (these) / น่ารัก (adorable) / มาก (very)
คนยุโรป ชอบ ทาน ขนม	Europeans like to eat snacks.	คน (people) / ยุโรป (European) / ชอบ (like) / ทาน (eat) / ขนม (snacks)
ฉัน เห็น คนหนึ่ง	I saw someone.	ฉัน (I) / เห็น (see) / คนหนึ่ง (someone)
ฉันเจอเขา ครั้งที่สอง 	I met him the second time.	ฉัน (I) / เจอ (meet) / เขา (him) / ครั้งที่สอง (second time)
ขอโทษ ฉันจะไม่ทำ ครั้งนี้	Sorry, I won't do it this time.	ขอโทษ (sorry) / ฉัน (I) / จะ (will) / ไม่ (not) / ทำ (do) / ครั้งนี้ (this time)
เธอ กำลัง คลอดลูก	She is giving birth.	เธอ (she) / กำลัง (is) / คลอดลูก (giving birth)
ความรัก คือ การให้	Love is giving.	ความรัก (love) / คือ (is) / การให้ (giving)
ฉัน รู้สึก ความสุข	I feel happiness.	ฉัน (I) / รู้สึก (feel) / ความสุข (happiness)
น้ำส้ม นี้ คั้น สด	This orange juice is freshly squeezed.	น้ำ (water) / ส้ม (orange) / นี้ (this) / คั้น (squeezed) / สด (fresh)
คาง ของ ฉัน เจ็บ	My chin hurts.	คาง (chin) / ของ (of) / ฉัน (my) / เจ็บ (hurt)
ฉัน คิดถึงบ้าน มาก	I miss home a lot.	ฉัน (I) / คิดถึง (miss) / บ้าน (home) / มาก (very)
คิวรถ เยอะ มาก วันนี้	There are a lot of queues for the vehicles today.	คิว (queue) / รถ (car) / เยอะ (many) / มาก (very) / วันนี้ (today)
ร้าน นี้ คุ้ม มาก	This shop is very worthwhile.	ร้าน (store) / นี้ (this) / คุ้ม (worth) / มาก (very)
แค่ นั้น เอง	That's it.	แค่ (just) / นั้น (that) / เอง (only)
ฉัน จะ ไป งาน แต่งงาน	I will go to the wedding.	ฉัน (I) / จะ (will) / ไป (go) / งาน (event) / แต่งงาน (wedding)
เขา จมน้ำ ที่นี่	He drowned here.	เขา (he) / จมน้ำ (drowned) / ที่นี่ (here)
เขา เป็น คน จริงใจ	He is a sincere person.	เขา (he) / เป็น (is) / คน (person) / จริงใจ (sincere)
รู้สึก จั๊กจี้ มาก ๆ	Feel very ticklish.	รู้สึก (feel) / จั๊กจี้ (ticklish) / มาก ๆ (very)
พวกเขา จูบปาก กัน	They kissed each other.	พวกเขา (they) / จูบ (kiss) / ปาก (mouth) / กัน (each other)
ฉัน เจ็บคอ มาก 	I have a very sore throat.	ฉัน (I) / เจ็บคอ (sore throat) / มาก (very)
แล้ว เจอกัน พรุ่งนี้	See you tomorrow.	แล้ว (then) / เจอกัน (meet) / พรุ่งนี้ (tomorrow)
ใจเย็นเย็น นะ ครับ	Calm down, please.	ใจ (heart) / เย็นเย็น (calm) / นะ (okay) / ครับ (sir)
ต้อง ฉีดยา วันนี้	Need to get an injection today.	ต้อง (must) / ฉีดยา (get an injection) / วันนี้ (today)
เขา ยืนนิ่ง เฉย 	He stood still.	เขา (he) / ยืน (stand) / นิ่ง (still) / เฉย (calm)
เขา ชอบ ชกมวย	He likes boxing.	เขา (he) / ชอบ (likes) / ชกมวย (boxing)
ช่วย ด้วย ฉัน ตก น้ำ	Help! I fell into the water.	ช่วย (help) / ด้วย (with) / ฉัน (I) / ตก (fall) / น้ำ (water)
ฉัน ลืม ช้อนส้อม	I forgot the cutlery.	ฉัน (I) / ลืม (forgot) / ช้อนส้อม (cutlery)
ห้องน้ำ อยู่ ชั้นสอง	The bathroom is on the second floor.	ห้องน้ำ (bathroom) / อยู่ (is) / ชั้น (floor) / สอง (two)
เขา นั่ง ชั้นหนึ่ง	He sits in first class.	เขา (he) / นั่ง (sit) / ชั้นหนึ่ง (first class)
เขา เป็น ช่างไฟฟ้า	He is an electrician.	เขา (he) / เป็น (is) / ช่างไฟฟ้า (electrician)
ช่างยนต์ ซ่อม รถยนต์	The mechanic repairs the car.	ช่าง (mechanic) / ยนต์ (motor) / ซ่อม (repair) / รถยนต์ (car)
ผม รอ ที่ ชานชาลา	I am waiting at the platform.	ผม (I) / รอ (wait) / ที่ (at) / ชานชาลา (platform)
ชาว เมือง ออก ไป	City dwellers go out.	ชาว (people) / เมือง (city) / ออก (out) / ไป (go)
ชาวนา ปลูก ข้าว ใหม่	The farmer plants new rice.	ชาวนา (farmer) / ปลูก (grow) / ข้าว (rice) / ใหม่ (new)
ชาวเอเชีย ชอบ กิน ข้าว	Asians like to eat rice.	ชาว (people) / เอเชีย (Asia, Asian) / ชอบ (like) / กิน (eat) / ข้าว (rice)
เช้านี้ อากาศ เย็นสบาย	This morning, the weather is cool and comfortable.	เช้านี้ (this morning) / อากาศ (weather) / เย็นสบาย (cool and comfortable)
ฉัน ใช้เงิน เยอะ	I spend a lot of money.	ฉัน (I) / ใช้ (use) / เงิน (money) / เยอะ (a lot)
งาน นี้ สนุก มาก ไชโย	This event is very fun. Cheers.	งานนี้ (this event) / สนุก (fun) / มาก (very) / ไชโย (hooray)
วันนี้ วัน ซวย ของฉัน	Today is my unlucky day.	วันนี้ (today) / วัน (day) / ซวย (unlucky) / ของ (of) / ฉัน (me)
ซองจดหมาย นี้ สวยงาม	This envelope is beautiful.	ซองจดหมาย (envelope) / นี้ (this) / สวยงาม (beautiful)
โครงร่าง ซิ่ สวยงาม 	Beautiful outline.	โครงร่าง (outline) / ซิ่ (silk) / สวยงาม (beautiful)
ชอบ ซิ่ง รถ มาก	Like to race cars a lot.	ชอบ (like) / ซิ่ง (speeding) / รถ (car) / มาก (a lot)
ซิป กางเกง แตก เอง	The zipper broke on its own.	ซิป (zipper) / กางเกง (pants) / แตก (break) / เอง (by itself)
ฉัน รู้สึก เซ็ง มาก	I'm feeling very bored.	ฉัน (I) / รู้สึก (feel) / เซ็ง (bored) / มาก (very)
น้ำปลา ดอง กุ้งสด	Fish sauce pickled raw shrimp.	น้ำปลา (fish sauce) / ดอง (pickled) / กุ้งสด (fresh shrimp)
เขา ดูเหมือน นักเรียน	He looks like a student.	เขา (he/she) / ดูเหมือน (seems/appears) / นักเรียน (student)
เด็กผู้ชาย กำลัง วิ่ง	The boy is running.	เด็กผู้ชาย (boy) / กำลัง (is) / วิ่ง (running)
เด็กผู้หญิง นั่ง อ่านหนังสือ	The girl is sitting and reading a book.	เด็ก (child) / ผู้หญิง (female) / นั่ง (sit) / อ่าน (read) / หนังสือ (book)
ชอบ เดินเล่น ตอนเย็น	Like to take a walk in the evening.	ชอบ (like) / เดินเล่น (stroll) / ตอนเย็น (in the evening)
ผิว ฉัน แดด เผา	My skin is sunburnt.	ผิว (skin) / ฉัน (my) / แดด (sun) / เผา (burn)
ฉัน ซื้อ ตะเกียง ใหม่	I bought a new lamp.	ฉัน (I) / ซื้อ (buy) / ตะเกียง (lamp) / ใหม่ (new)
ตะโพก เธอ ดูดี	Your hips look good.	ตะโพก (hip) / เธอ (you) / ดูดี (look good)
เธอ ตั้งท้อง แล้ว	She is pregnant now.	เธอ (you) / ตั้งท้อง (pregnant) / แล้ว (already)
ฉัน จะ ไป ต่างจังหวัด	I will go upcountry.	ฉัน (I) / จะ (will) / ไป (go) / ต่างจังหวัด (upcountry)
บ้าน ติดกับ โรงเรียน	The house is next to the school.	บ้าน (house) / ติดกับ (next to) / โรงเรียน (school)
ตู้นอน สบาย มาก ๆ	Sleeping cabin is very comfortable.	ตู้นอน (sleeping compartment) / สบาย (comfortable) / มาก ๆ (very, very)
ถ้า อย่างนั้น เรา ทำ ไง	If that's the case, what should we do?	ถ้า (if) / อย่างนั้น (that) / เรา (we) / ทำ (do) / ไง (how)
ฉัน ซื้อ ถุงยาง	I bought condoms.	ฉัน (I) / ซื้อ (buy) / ถุงยาง (condom)
ร้านอาหาร แถวนี้ อร่อย	The restaurants around here are delicious.	ร้านอาหาร (restaurant) / แถวนี้ (around here) / อร่อย (delicious)
ขับ รถ ทางด่วน เร็ว	Drive fast on the expressway.	ขับ (drive) / รถ (car) / ทางด่วน (expressway) / เร็ว (fast)
เขา ทำงานให้ โรงเรียน	He works for the school.	เขา (he) / ทำงานให้ (works for) / โรงเรียน (school)
ขอ ทิชชู่ หน่อยค่ะ	May I have some tissue, please?	ขอ (may I have) / ทิชชู่ (tissue) / หน่อย (a little) / ค่ะ (polite particle for women)
ที่ จอด รถ เต็ม แล้ว	The parking lot is full.	ที่ (the) / จอด (park) / รถ (car) / เต็ม (full) / แล้ว (already)
ฉัน มี ที่ดิน	I have land.	ฉัน (I) / มี (have) / ที่ดิน (land)
เธอ ชนะ ทุก ครั้ง	She wins every time.	เธอ (you) / ชนะ (win) / ทุกครั้ง (every time)
ตั๋ว เที่ยวเดียว ราคา เท่าไหร่	How much is a one-way ticket?	ตั๋ว (ticket) / เที่ยวเดียว (one-way) / ราคา (price) / เท่าไหร่ (how much)
พรุ่งนี้ ฉัน จะ โทร ทางไกล	Tomorrow I will make a long-distance call.	พรุ่งนี้ (tomorrow) / ฉัน (I) / จะ (will) / โทร (call) / ทางไกล (long-distance)
เรา โทรไป แล้ว	We called already.	เรา (we) / โทร (call) / ไป (go) / แล้ว (already)
หมอ รักษา ไข้ ไทฟอยด์	The doctor treats typhoid fever.	หมอ (doctor) / รักษา (treats) / ไข้ (fever) / ไทฟอยด์ (typhoid)
ฉัน ชอบ นอน เล่น	I like to lie down and relax.	ฉัน (I) / ชอบ (like) / นอน (lie down) / เล่น (play)
นักดนตรี เล่น เพลง	The musician plays music.	นักดนตรี (musician) / เล่น (play) / เพลง (music)
นั่งเล่น ริม สระน้ำ	Sitting by the pool.	นั่ง (sit) / เล่น (play) / ริม (by) / สระน้ำ (pool)
เค้ก นี้ น่ากิน	This cake looks delicious.	เค้ก (cake) / นี้ (this) / น่ากิน (appetizing)
เขา มี น้ำใจ มาก	He is very kind.	เขา (he) / มี (has) / น้ำใจ (kindness) / มาก (much)
ขอ น้ำเปล่า หนึ่ง แก้ว	A glass of water, please.	ขอ (May I have) / น้ำเปล่า (plain water) / หนึ่ง (one) / แก้ว (glass), 
ฉัน ชอบ ดื่ม น้ำ เย็น	I like to drink cold water.	ฉัน (I) / ชอบ (like) / ดื่ม (drink) / น้ำ (water) / เย็น (cold)
ฉัน ชอบ ดื่ม น้ำส้ม	I like to drink orange juice.	ฉัน (I) / ชอบ (like) / ดื่ม (drink) / น้ำส้ม (orange juice)
รอ สักครู่ นิดนึง	Wait a moment.	รอ (wait) / สักครู่ (a moment) / นิด (a little) / นึง (one)
คิด นาน ตั้ง นึง	Think for a while.	คิด (think) / นาน (long) / ตั้ง (establish) / นึง (one)
ผลไม้ เน่า แล้ว	The fruit is rotten.	ผลไม้ (fruit) / เน่า (rotten) / แล้ว (already)
ฉัน จะ เรียน จบ ในอนาคต	I will graduate in the future.	ฉัน (I) / จะ (will) / เรียน (study) / จบ (complete) / ในอนาคต (in the future)
บ. ข. ส. ปิดเร็ว	BKS closes early.	บ. (company) / ข. (part) / ส. (vehicle) / ปิดเร็ว (close early)
ข้อเท้า ของ ฉัน บวม	My ankle is swollen.	ข้อเท้า (ankle) / ของ (of) / ฉัน (my) / บวม (swollen)
บัตร A.T.M. ของฉัน	My ATM card.	บัตร (card) / A.T.M. (A.T.M.) / ของ (of) / ฉัน (my)
ขอดู บัตรประจำตัว หน่อย	May I see your identification card, please?	ขอ (may I) / ดู (see) / บัตร (card) / ประจำตัว (identification) / หน่อย (please)
ลืม บัตรประชาชน อีกแล้ว	Forgot my ID card again.	ลืม (forget) / บัตรประชาชน (ID card) / อีกแล้ว (again)
เขา บาดเจ็บ มาก 	He is seriously injured.	เขา (he) / บาดเจ็บ (injured) / มาก (very)
บ่ายนี้ อากาศ ดีมาก	This afternoon, the weather is very nice.	บ่าย (afternoon) / นี้ (this) / อากาศ (weather) / ดี (good) / มาก (very)
ฉัน ขึ้น บีทีเอส	I got on the BTS.	ฉัน (I) / ขึ้น (board) / บีทีเอส (BTS)
นม นี้ เริ่ม บูด แล้ว	This milk is starting to sour.	นม (milk) / นี้ (this) / เริ่ม (starting) / บูด (sour) / แล้ว (already)
ขอ เบอร์โทรศัพท์ หน่อย ครับ	May I have your phone number, please?	ขอ (may I have) / เบอร์โทรศัพท์ (phone number) / หน่อย (a little) / ครับ (polite particle)
ฉัน ต้องการ แบ๊งค์ ย่อย	I need small change.	ฉัน (I) / ต้องการ (want) / แบ๊งค์ย่อย (small change)
ทีวี จอ แบน	Flat screen TV.	ทีวี (TV) / จอ (screen) / แบน (flat)
ทำ แบบนี้ ทุกวัน	Do this every day.	ทำ (do) / แบบนี้ (like this) / ทุกวัน (every day)
ฉัน ปวดท้อง มาก ๆ	I have a very bad stomachache.	ฉัน (I) / ปวดท้อง (have a stomachache) / มาก ๆ (very much)
ฉัน ปวดฟัน มาก	I have a terrible toothache.	ฉัน (I) / ปวด (ache) / ฟัน (tooth) / มาก (very)
ฉัน ปวดหลัง มาก	I have a severe backache.	ฉัน (I) / ปวด (ache) / หลัง (back) / มาก (very)
ฉัน ปวดหัว มาก	I have a bad headache.	ฉัน (I) / ปวดหัว (headache) / มาก (very)
ฉัน ปั่น จักรยาน ทุกวัน	I ride a bicycle every day.	ฉัน (I) / ปั่น (ride) / จักรยาน (bicycle) / ทุกวัน (every day)
มัน เป็นไปไม่ได้	It's impossible.	มัน (it) / เป็นไปไม่ได้ (impossible)
น้ำยา นี้ เป็นพิษ	This solution is toxic.	น้ำยา (solution) / นี้ (this) / เป็นพิษ (is poisonous)
คุณแม่ เป็นลม อีกแล้ว	Mom fainted again.	คุณแม่ (mother) / เป็นลม (fainted) / อีก (again) / แล้ว (already)
รสชาติ เปรี้ยวหวาน อร่อย	Sweet and sour taste, delicious.	รสชาติ (flavor) / เปรี้ยว (sour) / หวาน (sweet) / อร่อย (delicious)
ไป เปิดบัญชี เลย	Go open an account now.	ไป (go) / เปิด (open) / บัญชี (account) / เลย (right away)
ฉัน เดินทาง ไปกลับ	I travel back and forth.	ฉัน (I) / เดินทาง (travel) / ไปกลับ (round trip)
ฉัน ไปซื้อของ แล้ว	I went shopping already.	ฉัน (I) / ไป (go) / ซื้อ (buy) / ของ (things) / แล้ว (already)
อาหาร ใส่ ผงชูรส	Food contains MSG.	อาหาร (food) / ใส่ (add) / ผงชูรส (MSG)
ไป ผับ กันไหม	Shall we go to the pub?	ไป (go) / ผับ (pub) / กันไหม (shall we)
ผิว ของคุณ เนียนมาก	Your skin is very smooth.	ผิว (skin) / ของคุณ (of yours) / เนียนมาก (very smooth)
ผิวไหม้ เพราะ แดด	Sunburn because of the sun.	ผิว (skin) / ไหม้ (burnt) / เพราะ (because) / แดด (sun)
เราจะ พบกัน พรุ่งนี้	We will meet tomorrow.	เรา (we) / จะ (will) / พบกัน (meet) / พรุ่งนี้ (tomorrow)
ระวัง พยาธิ ในอาหาร	Beware of parasites in food.	ระวัง (beware) / พยาธิ (parasite) / ใน (in) / อาหาร (food)
ฉัน ต้องการ พลาสเตอร์	I need a plaster.	ฉัน (I) / ต้องการ (want) / พลาสเตอร์ (plaster)
พวกเขา กำลัง เดิน มา	They are walking over.	พวกเขา (they) / กำลัง (are) / เดิน (walking) / มา (coming)
พอ ทำ ได้ 	Can manage.	พอ (enough) / ทำ (do) / ได้ (can)
ฉัน ได้รับ พัสดุ แล้ว	I have received the package.	ฉัน (I) / ได้รับ (have received) / พัสดุ (package) / แล้ว (already)
แม่ พาไป ซื้อขนม	Mom took me to buy snacks.	แม่ (mother) / พา (take) / ไป (to) / ซื้อ (buy) / ขนม (snack)
เขา พูดเล่น นะ	He was just kidding.	เขา (he/she/they) / พูดเล่น (joking) / นะ (particle indicating tone or emphasis)
คุณ ได้ ฟรี ของ	You got a free item.	คุณ (You) / ได้ (get) / ฟรี (free) / ของ (of)
ชอบ ฟังเพลง ทุกวัน	Like to listen to music every day.	ชอบ (like) / ฟังเพลง (listen to music) / ทุกวัน (every day)
ฉันลืม ไฟฉาย ที่บ้าน	I forgot the flashlight at home.	ฉัน (I) / ลืม (forgot) / ไฟฉาย (flashlight) / ที่ (at) / บ้าน (home)
อาหาร ภาคใต้ อร่อย	Southern Thai food is delicious.	อาหาร (food) / ภาคใต้ (southern region) / อร่อย (delicious)
ฉัน ไป ภาคเหนือ	I go to the north.	ฉัน (I) / ไป (go) / ภาคเหนือ (North)
ภาษาอังกฤษ สำคัญ มาก	English is very important.	ภาษา (language) / อังกฤษ (English) / สำคัญ (important) / มาก (very)
ต้อง มัดจำ ก่อน	Deposit required first.	ต้อง (must) / มัดจำ (deposit) / ก่อน (before)
ฉัน มาถึง มาก่อน	I arrived earlier.	ฉัน (I) / มาถึง (arrive) / มาก่อน (first)
คุณ มาจาก ไหน	Where are you from?	คุณ (you) / มาจาก (come from) / ไหน (where)
เขา มาถึง แล้ว	He has arrived.	เขา (he/she/they) / มาถึง (arrive) / แล้ว (already)
รอ คุณ มานาน แล้ว	I've been waiting for you for a long time.	รอ (wait) / คุณ (you) / มานาน (for a long time) / แล้ว (already)
ฉัน ป่วย เป็น มาลาเรีย	I am sick with malaria.	ฉัน (I) / ป่วย (am sick) / เป็น (with) / มาลาเรีย (malaria)
ห้องนี้ มีคน มาก	This room is crowded.	ห้อง (room) / นี้ (this) / มี (has) / คน (people) / มาก (many)
เธอ มีท้อง แล้ว	She is pregnant now.	เธอ (she/you) / มี (is/have) / ท้อง (pregnant) / แล้ว (already)
เขา มีน้ำใจ มาก	He is very kind-hearted.	เขา (he) / มี (have) / น้ำใจ (kindness) / มาก (very)
คุณ มีลูก ไหม	Do you have children?	คุณ (you) / มี (have) / ลูก (child) / ไหม (question particle)
เรื่องนี้ ไม่เกี่ยว กับเรา	This is none of our business.	เรื่องนี้ (this) / ไม่ (not) / เกี่ยว (related) / กับ (with) / เรา (us)
ไฟ ไม่ติด เลย	The light is not on.	ไฟ (light/fire) / ไม่ (not) / ติด (on) / เลย (at all)
เขา มา ไม่นาน	He has not been here long.	เขา (he) / มา (come) / ไม่นาน (not long)
วันนี้ ฉัน ไม่มีแรง	Today, I have no energy.	วันนี้ (today) / ฉัน (I) / ไม่ (not) / มี (have) / แรง (energy)
เขา ไม่ว่าง วันนี้	He is not available today.	เขา (he/she/they) / ไม่ว่าง (not available) / วันนี้ (today)
เขา ไม่สบายใจ มาก	He is very uneasy.	เขา (he/she/they) / ไม่ (not) / สบายใจ (comfortable) / มาก (very)
กล้วย นี้ ยัง ไม่ สุก	This banana is not ripe yet.	กล้วย (banana) / นี้ (this) / ยัง (not yet) / ไม่ (not) / สุก (ripe)
รองเท้า ไม่ใส่ เบอร์ใหญ่	Shoes don't fit, they're too big.	รองเท้า (shoes) / ไม่ (not) / ใส่ (wear) / เบอร์ใหญ่ (big size)
ยัง ไม่ได้ รับ โทรศัพท์	Didn’t answer the phone.	ยัง (yet) / ไม่ได้ (not) / รับ (receive) / โทรศัพท์ (phone)
เธอ ลืม กิน ยาคุม	She forgot to take birth control pills.	เธอ (you) / ลืม (forget) / กิน (take) / ยาคุม (birth control pills)
ทา ยาทา ที่ แขน	Apply ointment to the arm.	ทา (apply) / ยาทา (ointment) / ที่ (at) / แขน (arm)
เธอ กิน ยาเม็ด	She takes a pill.	เธอ (she) / กิน (eat) / ยาเม็ด (pill)
ระวัง ยาเสพติด เข้าใจไหม	Beware of drugs, understand?	ระวัง (beware) / ยาเสพติด (drugs) / เข้าใจ (understand) / ไหม (question particle)
ยาหม่อง หอม มาก ๆ	Balm is very fragrant.	ยาหม่อง (balm) / หอม (fragrant) / มาก ๆ (very much)
เขา ซื้อ ยาอม	He bought lozenges.	เขา (he/she/they) / ซื้อ (buy) / ยาอม (lozenge)
รถตู้ จอด หน้า บ้าน	The van is parked in front of the house.	รถตู้ (van) / จอด (park) / หน้า (in front of) / บ้าน (house)
พวกเรา ขึ้น รถธรรมดา	We took a regular bus.	พวกเรา (we) / ขึ้น (get on) / รถธรรมดา (regular car)
รถแอร์ เย็น สบาย มาก	The air-conditioned car is very cool and comfortable.	รถ (car) / แอร์ (air conditioning) / เย็น (cool) / สบาย (comfortable) / มาก (very)
ใส่ รหัส ที่นี่	Enter the code here.	ใส่ (enter) / รหัส (code) / ที่นี่ (here)
ร้าน ขาย หนังสือ อยู่ ไหน ?	Where is the bookstore?	ร้าน (store) / ขาย (sell) / หนังสือ (books) / อยู่ (is) / ไหน (where)
ฉัน ไป ร้าน ตัด เสื้อ	I went to the tailor shop.	ฉัน (I) / ไป (go) / ร้าน (shop) / ตัด (tailor) / เสื้อ (clothes)
ร้านเสริมสวย ปิด เย็น	The beauty salon closes in the evening.	ร้าน (shop) / เสริมสวย (beauty salon) / ปิด (closed) / เย็น (evening)
ริมฝีปาก ของ เธอ สวย	Her lips are beautiful.	ริมฝีปาก (lips) / ของ (of) / เธอ (your) / สวย (beautiful)
คุณ รู้เรื่อง นี้ ไหม	Do you know about this?	คุณ (you) / รู้ (know) / เรื่อง (thing) / นี้ (this) / ไหม (question particle)
เรา นั่ง เรือหางยาว	We are sitting on a long-tail boat.	เรา (we) / นั่ง (sit) / เรือหางยาว (long-tail boat)
เขา มี โรคหัวใจ	He has heart disease.	เขา (He/She/They) / มี (have/has) / โรคหัวใจ (heart disease)
ลองดู สักครั้ง นะ	Give it a try once.	ลอง (try) / ดู (look) / สัก (a) / ครั้ง (time) / นะ (okay)
ลอง ใส่ เสื้อ ตัว นี้	Try on this shirt.	ลอง (try) / ใส่ (wear) / เสื้อ (shirt) / ตัวนี้ (this)
เธอ เป็น ลูกครึ่ง	She is biracial.	เธอ (she) / เป็น (is) / ลูกครึ่ง (half-blood)
ตัด เล็บเท้า ให้ สั้น	Trim the toenails short.	ตัด (cut) / เล็บเท้า (toenails) / ให้ (make) / สั้น (short)
เล็บมือ ยาว มาก แล้ว	Fingernails are very long already.	เล็บมือ (fingernail) / ยาว (long) / มาก (very) / แล้ว (already)
วัน ธรรมดา ฉัน ไป เรียน	On weekdays, I go to study.	วัน (day) / ธรรมดา (ordinary) / ฉัน (I) / ไป (go) / เรียน (study)
วัยรุ่น ชอบ เล่น กีฬา	Teenagers like to play sports.	วัยรุ่น (teenager) / ชอบ (like) / เล่น (play) / กีฬา (sports)
ผม รู้สึก เวียนหัว	I feel dizzy.	ผม (I) / รู้สึก (feel) / เวียนหัว (dizzy)
เขา นับถือ ศาสนา ยิว	He practices Judaism.	เขา (he) / นับถือ (worship) / ศาสนา (religion) / ยิว (Jewish)
ฉัน ไป ศูนย์การค้า	I go to the mall.	ฉัน (I) / ไป (go) / ศูนย์การค้า (shopping mall)
ฉัน ส่งไป ให้แล้ว	I sent it already.	ฉัน (I) / ส่งไป (sent) / ให้แล้ว (already)
สนามกีฬา กลางแจ้ง ใหญ่	Large outdoor stadium.	สนามกีฬา (stadium) / กลางแจ้ง (outdoor) / ใหญ่ (large)
ทำใจ สบายๆ นะ	Keep calm and relaxed.	ทำใจ (make) / สบายๆ (easy) / นะ (okay)
เขา สลบ ไปแล้ว	He has fainted.	เขา (he) / สลบ (fainted) / ไปแล้ว (already)
ครู สอนหนังสือ ทุกวัน	The teacher teaches every day.	ครู (teacher) / สอน (teach) / หนังสือ (books) / ทุกวัน (everyday)
สะพาน นี้ ยาว มาก	This bridge is very long.	สะพาน (bridge) / นี้ (this) / ยาว (long) / มาก (very)
นักเรียน ข้าม สะพานลอย	Students crossed the overpass.	นักเรียน (students) / ข้าม (cross) / สะพานลอย (overpass)
ชีวิต สายกลาง สำคัญมาก	The middle way of life is very important.	ชีวิต (life) / สายกลาง (middle way) / สำคัญมาก (very important)
เพื่อน ฉัน สุขภาพ ดี มาก	My friend is very healthy.	เพื่อน (friend) / ฉัน (my) / สุขภาพ (health) / ดี (good) / มาก (very)
เขา มี สุขภาพไม่ดี	He is not in good health.	เขา (he/she/they) / มี (have) / สุขภาพ (health) / ไม่ (not) / ดี (good)
เขา สูบบุหรี่ ห้าม	He smokes. Do not.	เขา (he) / สูบ (smoke) / บุหรี่ (cigarette) / ห้าม (prohibited)
เสาร์ อาทิตย์ นี้ ไป เที่ยว กัน	Let's go out this weekend.	เสาร์ (Saturday) / อาทิตย์ (Sunday) / นี้ (this) / ไป (go) / เที่ยว (travel) / กัน (together)
นี่ ทำให้ ฉัน เสียว	This gives me chills.	นี่ (this) / ทำให้ (makes) / ฉัน (I) / เสียว (thrilled)
เขา อาย กลัว เสียหน้า	He is shy and afraid of losing face.	เขา (he) / อาย (ashamed) / กลัว (afraid) / เสียหน้า (lose face)
แกง ส้ม นี้ แสบ	This sour curry is spicy.	แกง (curry) / ส้ม (sour) / นี้ (this) / แสบ (spicy)
ใส่ถุง ขนม หน่อย	Put the snacks in a bag, please.	ใส่ (put) / ถุง (bag) / ขนม (snack) / หน่อย (please)
ทาง หน นี้ ปลอดภัย	This route is safe.	ทาง (way/route) / หน (this) / นี้ (this) / ปลอดภัย (safe)
ฉัน เจ็บ หน้าอก ค่ะ	I have chest pain.	ฉัน (I) / เจ็บ (hurt) / หน้าอก (chest) / ค่ะ (polite particle for women)
หนึ่งคน คือ แม่	One person is mother.	หนึ่ง (one) / คน (person) / คือ (is) / แม่ (mother)
เขา หมดสติ ไปแล้ว	He is unconscious already.	เขา (he) / หมดสติ (unconscious) / ไปแล้ว (already)
นมสด หมดอายุ แล้ว	The fresh milk has expired.	นม (milk) / สด (fresh) / หมดอายุ (expired) / แล้ว (already)
สวม หมวกกันน็อค ทุกครั้ง	Wear a helmet every time.	สวม (wear) / หมวกกันน็อค (helmet) / ทุกครั้ง (every time)
พบกัน หลังอาหาร ค่ะ	See you after the meal.	พบกัน (see) / หลัง (after) / อาหาร (meal) / ค่ะ (polite particle)
ผม ทำงาน หลายปี	I have worked for many years.	ผม (I) / ทำงาน (work) / หลายปี (many years)
ฉัน ชอบ กิน หลายอย่าง	I like eating many things.	ฉัน (I) / ชอบ (like) / กิน (eat) / หลายอย่าง (many things)
หวัดดี เพื่อน ของ ฉัน	Hello, my friend.	หวัดดี (hello) / เพื่อน (friend) / ของ (of) / ฉัน (my)
เรา มี ห้อง ธรรมดา	We have a standard room.	เรา (we) / มี (have) / ห้อง (room) / ธรรมดา (regular)
ห้อง พัดลม เย็น สบาย	A fan room is cool and comfortable.	ห้อง (room) / พัดลม (fan) / เย็น (cool) / สบาย (comfortable)
ห้องแอร์ เย็น สบาย มาก	The air-conditioned room is very cool and comfortable.	ห้อง (room) / แอร์ (air) / เย็น (cool) / สบาย (comfortable) / มาก (very)
เขา หายใจ ไม่ ออก	He can't breathe.	เขา (he/she) / หายใจ (breathe) / ไม่ (not) / ออก (out)
นี่ คือ ห้า แยก	This is a five-way intersection.	นี่ (this) / คือ (is) / ห้า (five) / แยก (intersection)
วันนี้ รู้สึก เหงา มาก	Today, I feel very lonely.	วันนี้ (today) / รู้สึก (feel) / เหงา (lonely) / มาก (very)
ข้าวเหนียว นุ่ม มาก	Sticky rice is very soft.	ข้าว (rice) / เหนียว (sticky) / นุ่ม (soft) / มาก (very)
โหล นี้ สี อะไร	What color is this jar?	โหล (jar) / นี้ (this) / สี (color) / อะไร (what)
อย่าทำ อย่างนี้ อีก	Don't do this again.	อย่า (don't) / ทำ (do) / อย่างนี้ (like this) / อีก (again)
อย่า กิน เยอะ จน อ้วก	Don't eat so much that you puke.	อย่า (do not) / กิน (eat) / เยอะ (a lot) / จน (until) / อ้วก (vomit)
ออกกำลัง ทุก วัน	Exercise every day.	ออก (exercise) / กำลัง (strength) / ทุก (every) / วัน (day)
ฉัน ชอบ ออกกำลังกาย มาก	I really like exercising.	ฉัน (I) / ชอบ (like) / ออกกำลังกาย (exercise) / มาก (very much)
แม่ไก่ ออกลูก แล้ว	The hen has laid eggs.	แม่ (mother) / ไก่ (chicken) / ออก (lay) / ลูก (offspring) / แล้ว (already)
พูด อะไรนะ ฟัง ไม่ชัด	What did you say? I couldn't hear clearly.	พูด (speak) / อะไร (what) / นะ (softener) / ฟัง (listen) / ไม่ (not) / ชัด (clearly)
คุณ ชอบ อะไร บ้าง	What do you like?	คุณ (you) / ชอบ (like) / อะไร (what) / บ้าง (some)
แผล อักเสบ มาก เลย	The wound is very inflamed.	แผล (wound) / อักเสบ (inflamed) / มาก (very) / เลย (indeed)
หนังสือ อ่านเล่น สนุก	The book is fun to read.	หนังสือ (book) / อ่านเล่น (leisure reading) / สนุก (fun)
อารมณ์ ของฉัน เปลี่ยนแปลง	My mood changes.	อารมณ์ (emotion) / ของ (of) / ฉัน (my) / เปลี่ยนแปลง (change)
เขา เป็น อาหาร เป็น พิษ	He has food poisoning.	เขา (he) / เป็น (is) / อาหาร (food) / เป็น (is) / พิษ (poison)
ต้องรอ อีกนาน เท่าไหร่	How much longer do I have to wait?	ต้อง (must) / รอ (wait) / อีกนาน (longer) / เท่าไหร่ (how much)
เดี๋ยว อีกหน่อย ก็ดี	Soon, it will get better.	เดี๋ยว (soon) / อีกหน่อย (in a while) / ก็ดี (already good)
อู่ รถ ใหญ่ มาก	The garage is very large.	อู่ (garage) / รถ (car) / ใหญ่ (big) / มาก (very)
โรค เอดส์ รักษา ยาก มาก	AIDS is very difficult to cure.	โรค (disease) / เอดส์ (AIDS) / รักษา (treat) / ยาก (difficult) / มาก (very)
เขา แอบกิน ขนม	He secretly ate snacks.	เขา (he) / แอบกิน (secretly ate) / ขนม (snack)
เขา แอบดู หนังสือ	He secretly looked at the book.	เขา (he) / แอบดู (sneak peek) / หนังสือ (book)
เธอ ก็ สวย นะ	You're beautiful too.	เธอ (you) / ก็ (also) / สวย (beautiful) / นะ (particle)
กระเป๋า สีแดง สวยมาก	The red bag is very beautiful.	กระเป๋า (bag) / สี (color) / แดง (red) / สวย (beautiful) / มาก (very)
ถนน นี้ กว้าง มาก	This road is very wide.	ถนน (road) / นี้ (this) / กว้าง (wide) / มาก (very)
เรา ไป ด้วยกัน	Let's go together.	เรา (we) / ไป (go) / ด้วย (together) / กัน (together)
การ เรียน สำคัญ มาก	Studying is very important.	การ (study) / เรียน (learning) / สำคัญ (important) / มาก (very)
เดิน สาม กิโล ทุกวัน	Walk three kilometers every day.	เดิน (walk) / สาม (three) / กิโล (kilometers) / ทุกวัน (every day)
คุณ มีกี่ คน?	How many people do you have?	คุณ (you) / มีกี่ (how many) / คน (people)
เธอ เก่ง มาก ๆ	You are very talented.	เธอ (you) / เก่ง (skillful) / มาก ๆ (very)
เก้าอี้ อยู่ ที่ไหน	Where is the chair?	เก้าอี้ (chair) / อยู่ (is) / ที่ไหน (where)
ขน แมว หลุด ร่วง	Cat fur falls out.	ขน (fur/hair) / แมว (cat) / หลุด (fall off) / ร่วง (shed/fall)
แมว ขโมย ปลา	The cat stole the fish.	แมว (cat) / ขโมย (steal) / ปลา (fish)
เขา ไป โรงเรียน	He goes to school.	เขา (he) / ไป (go) / โรงเรียน (school)
ฉัน เจ็บ แขน ขวา	I have a pain in my right arm.	ฉัน (I) / เจ็บ (hurt) / แขน (arm) / ขวา (right)
ไก่ ออก ไข่ ทุกวัน	The chicken lays eggs every day.	ไก่ (chicken) / ออก (lay) / ไข่ (egg) / ทุกวัน (every day)
จำนวน ครั้ง นี้	Number of times.	จำนวน (quantity) / ครั้ง (time) / นี้ (this)
คอ ของ เขา เจ็บ	His throat hurts.	คอ (neck) / ของ (of) / เขา (his) / เจ็บ (sore)
น้อง คอย พี่ มา	The younger sibling waits for the older sibling.	น้อง (younger) / คอย (wait) / พี่ (elder brother/sister) / มา (come)
คุณ ไป ไหน มา คะ ?	Where have you been?	คุณ (you) / ไป (go) / ไหน (where) / มา (come) / คะ (particle for polite question)
คอ ฉัน คัน มาก	My neck is very itchy.	คอ (neck) / ฉัน (I) / คัน (itchy) / มาก (very)
เครื่องบิน บิน สูง มาก	The airplane flies very high.	เครื่องบิน (airplane) / บิน (fly) / สูง (high) / มาก (very)
เขียน จดหมาย ถึง เพื่อน	Write a letter to a friend.	เขียน (write) / จดหมาย (letter) / ถึง (to) / เพื่อน (friend)
เขา จัด ห้อง	He tidies up the room.	เขา (he) / จัด (arrange) / ห้อง (room)
ฉัน จำ เธอ ได้	I remember you.	ฉัน (I) / จำ (remember) / เธอ (you) / ได้ (able)
ฉัน มี เจ็ด เล่ม	I have seven books.	ฉัน (I) / มี (have) / เจ็ด (seven) / เล่ม (books)
ฉัน เจ็บ ที่ ขา	I have a pain in my leg.	ฉัน (I) / เจ็บ (hurt) / ที่ (at) / ขา (leg)
เขา เป็น เจ้าของ ร้าน	He is the owner of the shop.	เขา (he) / เป็น (is) / เจ้าของ (owner) / ร้าน (shop)
ชวน เขา ไป กิน	Invite him to eat.	ชวน (invite) / เขา (him) / ไป (go) / กิน (eat)
ช่วย ฉัน หน่อย ค่ะ	Please help me.	ช่วย (help) / ฉัน (me) / หน่อย (a little) / ค่ะ (polite particle for females)
ชั้น หนังสือ เต็ม แล้ว	The bookshelf is full now.	ชั้น (shelf) / หนังสือ (book) / เต็ม (full) / แล้ว (already)
ฉัน รอ สอง ชั่วโมง	I waited for two hours.	ฉัน (I) / รอ (wait) / สอง (two) / ชั่วโมง (hours)
ฉัน ชอบ ดื่ม ชา	I like to drink tea.	ฉัน (I) / ชอบ (like) / ดื่ม (drink) / ชา (tea)
เดิน ช้า ๆ นะ	Walk slowly.	เดิน (walk) / ช้า ๆ (slowly) / นะ (okay)
ช่าง ทำ อะไร อยู่	What is the craftsman doing?	ช่าง (artisan) / ทำ (do) / อะไร (what) / อยู่ (currently)
ฉัน รัก ชาติ ไทย	I love the Thai nation.	ฉัน (I) / รัก (love) / ชาติ (nation) / ไทย (Thai)
ชาย ใส่ เสื้อ สีแดง	The man is wearing a red shirt.	ชาย (man) / ใส่ (wear) / เสื้อ (shirt) / สีแดง (red)
บ้าน อยู่ ใน ซอย	The house is in the alley.	บ้าน (house) / อยู่ (is) / ใน (in) / ซอย (alley)
เขา นอน ดึก ทุก คืน	He stays up late every night.	เขา (he/she/they) / นอน (sleep) / ดึก (late) / ทุก (every) / คืน (night)
ฉัน หิวน้ำ เดี๋ยวนี้	I'm thirsty right now.	ฉัน (I) / หิว (hungry) / น้ำ (water) / เดี๋ยวนี้ (now)
ได้รับ ของขวัญ วันเกิด	Received a birthday gift.	ได้รับ (receive) / ของขวัญ (gift) / วันเกิด (birthday)
ฝน ตก ทุก วัน	It rains every day.	ฝน (rain) / ตก (fall) / ทุก (every) / วัน (day)
ฉัน ต้องการ ไป ญี่ปุ่น	I want to go to Japan.	ฉัน (I) / ต้องการ (want) / ไป (to go) / ญี่ปุ่น (Japan)
ฉัน ชอบ ไป ต่างประเทศ	I like to go abroad.	ฉัน (I) / ชอบ (like) / ไป (go) / ต่างประเทศ (foreign countries)
ฉัน ตาม คุณ	I follow you.	ฉัน (I) / ตาม (follow) / คุณ (you)
ตำรวจ กำลัง มา	The police are coming.	ตำรวจ (police) / กำลัง (are) / มา (coming)
พี่ ชอบ ตี กลอง	I like to play the drums.	พี่ (older sibling) / ชอบ (like) / ตี (hit) / กลอง (drum)
ตึก สูง มาก ๆ	The building is very tall.	ตึก (building) / สูง (tall) / มาก ๆ (very)
หนังสือ อยู่ บน โต๊ะ	The book is on the table.	หนังสือ (book) / อยู่ (is) / บน (on) / โต๊ะ (table)
ถ้วย นั้น สวย มาก	That cup is very beautiful.	ถ้วย (cup) / นั้น (that) / สวย (beautiful) / มาก (very)
ถ้า ฝนตก เราไม่ไป	If it rains, we won't go.	ถ้า (if) / ฝน (rain) / ตก (falls) / เรา (we) / ไม่ (not) / ไป (go)
เขา ถาม อะไร คุณ	What did he ask you?	เขา (He/She/They) / ถาม (asked) / อะไร (what) / คุณ (you)
พ่อ ของ ฉัน เป็น ทหาร	My father is a soldier.	พ่อ (father) / ของ (of) / ฉัน (my) / เป็น (is) / ทหาร (soldier)
ฉัน มี สร้อย ทอง	I have a gold necklace.	ฉัน (I) / มี (have) / สร้อย (necklace) / ทอง (gold)
ไป เที่ยว ทะเล กัน	Let's go to the beach.	ไป (go) / เที่ยว (travel) / ทะเล (sea) / กัน (together)
ฉัน เจ็บ เท้า ขวา	My right foot hurts.	ฉัน (I) / เจ็บ (hurt) / เท้า (foot) / ขวา (right)
ชีวิต ธรรมดา ก็ดี	Ordinary life is good.	ชีวิต (life) / ธรรมดา (ordinary) / ก็ดี (is good)
ไปเล่น นอก บ้าน	Go play outside the house.	ไป (go) / เล่น (play) / นอก (outside) / บ้าน (house)
น้อง ชอบ แมว มาก	You really like cats.	น้อง (younger sibling or friend) / ชอบ (like) / แมว (cat) / มาก (very much)
เขา นอน ตื่น สาย	He woke up late.	เขา (he) / นอน (sleep) / ตื่น (wake up) / สาย (late)
รอสักครู่ หนึ่ง นาที	Just a moment, one minute.	รอ (wait) / สักครู่ (moment) / หนึ่ง (one) / นาที (minute)
แมวน้อย นี้ น่ารัก มาก	This little cat is very cute.	แมว (cat) / น้อย (little) / นี้ (this) / น่า (is) / รัก (adorable) / มาก (very)
เขา ซื้อ นาฬิกา ใหม่	He bought a new watch.	เขา (he) / ซื้อ (buys) / นาฬิกา (watch) / ใหม่ (new)
ฉัน ดื่ม น้ำ	I drink water.	ฉัน (I) / ดื่ม (drink) / น้ำ (water)
นิ้ว ของ คุณ ยาว	Your fingers are long.	นิ้ว (finger) / ของ (of) / คุณ (your) / ยาว (long)
วันนี้ อากาศ ดี	The weather is nice today.	วันนี้ (today) / อากาศ (weather) / ดี (good)
แมว อยู่ บน โต๊ะ	The cat is on the table.	แมว (cat) / อยู่ (is) / บน (on) / โต๊ะ (table)
บอก ฉัน ด้วย นะ	Let me know.	บอก (tell) / ฉัน (me) / ด้วย (with) / นะ (polite particle)
นก บิน บน ฟ้า	The bird flies in the sky.	นก (bird) / บิน (fly) / บน (on) / ฟ้า (sky)
ฉัน ไม่ สูบ บุหรี่	I don't smoke.	ฉัน (I) / ไม่ (do not) / สูบ (smoke) / บุหรี่ (cigarette)
ชอบ แบบ ไหน	What style do you like?	ชอบ (like) / แบบ (style) / ไหน (which)
ใบ นี้ สวย มาก	This leaf is very beautiful.	ใบ (leaf) / นี้ (this) / สวย (beautiful) / มาก (very)
เขา มา ปกติ	He comes normally.	เขา (he) / มา (come) / ปกติ (normally)
ฉัน ไป ออกกำลังกาย ประจำ	I exercise regularly.	ฉัน (I) / ไป (go) / ออกกำลังกาย (exercise) / ประจำ (regularly)
ปลา ว่าย ในน้ำ	Fish swim in the water.	ปลา (fish) / ว่าย (swim) / ในน้ำ (in the water)
ป้า ชอบ ทาน ข้าว	Aunt likes to eat rice.	ป้า (Aunt) / ชอบ (likes) / ทาน (eat) / ข้าว (rice)
ปิด ประตู เบา ๆ	Close the door gently.	ปิด (close) / ประตู (door) / เบา ๆ (gently)
ใช่ หรือ เปล่า	Yes or no?	ใช้ (yes) / หรือ (or) / เปล่า (not)
เปิด ประตู ให้ หน่อย	Open the door, please.	เปิด (open) / ประตู (door) / ให้ (give) / หน่อย (please)
ฉัน มี แมว แปด ตัว	I have eight cats.	ฉัน (I) / มี (have) / แมว (cat) / แปด (eight) / ตัว (classifier for animals)
เขา แปล หนังสือ 	He translates a book.	เขา (he/she/they) / แปล (translate) / หนังสือ (book)
ผ้า สี แดง สวย	Red fabric is beautiful.	ผ้า (cloth) / สี (color) / แดง (red) / สวย (beautiful)
ผู้หญิง สวม ชุด สวย	The woman is wearing a beautiful dress.	ผู้หญิง (woman) / สวม (wear) / ชุด (dress) / สวย (beautiful)
ผู้ใหญ่ ใจดี มาก	Kind adults are very generous.	ผู้ใหญ่ (adult) / ใจดี (kind-hearted) / มาก (very)
ฉัน ชอบ เสียง ฝน	I like the sound of rain.	ฉัน (I) / ชอบ (like) / เสียง (sound) / ฝน (rain)
ฉัน ชอบ กิน ฝรั่ง	I like to eat guava.	ฉัน (I) / ชอบ (like) / กิน (eat) / ฝรั่ง (guava)
เขา พยายาม ทุกวัน	He tries every day.	เขา (he) / พยายาม (tries) / ทุกวัน (every day)
พระ ออก บิณฑบาตร	Monks go for alms.	พระ (monk) / ออก (go out) / บิณฑบาตร (alms)
เดือน พฤษภาคม อากาศ ดี	The weather is good in May.	เดือน (month) / พฤษภาคม (May) / อากาศ (weather) / ดี (good)
พอ แล้ว ขอบคุณ	Enough, thank you.	พอ (enough) / แล้ว (already) / ขอบคุณ (thank you)
พี่ สอน ทำ อาหาร	Brother/sister teaches cooking.	พี่ (older sibling) / สอน (teach) / ทำ (make) / อาหาร (food)
ฉันชอบฝน เพราะ มันเย็น	I like rain because it is cool.	ฉัน (I) / ชอบ (like) / ฝน (rain) / เพราะ (because) / มัน (it) / เย็น (cool)
เขา รัก ภรรยา มาก	He loves his wife very much.	เขา (he) / รัก (loves) / ภรรยา (wife) / มาก (very much)
ห้ามสูบบุหรี่ ภายใน อาคาร	No smoking inside the building.	ห้าม (do not) / สูบ (smoke) / บุหรี่ (cigarettes) / ภายใน (inside) / อาคาร (building)
ฉัน พูด ได้ หลาย ภาษา	I can speak many languages.	ฉัน (I) / พูด (speak) / ได้ (can) / หลาย (many) / ภาษา (languages)
เขา มอง เห็น ทะเล	He sees the sea.	เขา (he) / มอง (look) / เห็น (see) / ทะเล (sea)
ม้า วิ่ง ใน ทุ่ง	The horse runs in the field.	ม้า (horse) / วิ่ง (run) / ใน (in) / ทุ่ง (field)
ท้องฟ้า มืด เร็ว จัง	The sky got dark so quickly.	ท้องฟ้า (sky) / มืด (dark) / เร็ว (quickly) / จัง (very)
ฉัน ทำงาน เมื่อวาน 	I worked yesterday.	ฉัน (I) / ทำงาน (worked) / เมื่อวาน (yesterday)
แม่ ทำ อาหาร อร่อย	Mom cooks delicious food.	แม่ (mother) / ทำ (makes) / อาหาร (food) / อร่อย (delicious)
ฉัน ว่าย น้ำ ใน แม่น้ำ	I swim in the river.	ฉัน (I) / ว่ายน้ำ (swim) / ใน (in) / แม่น้ำ (river)
ฉัน รัก แมว มาก	I love cats very much.	ฉัน (I) / รัก (love) / แมว (cat) / มาก (very much)
ฉัน ไม่ รู้จัก	I don't know.	ฉัน (I) / ไม่ (not) / รู้จัก (know)
ฉัน ไม่ได้ หิว เลย	I am not hungry at all.	ฉัน (I) / ไม่ได้ (not) / หิว (hungry) / เลย (at all)
เขา ยัง เด็กอยู่	He is still a child.	เขา (he/she) / ยัง (still) / เด็ก (child) / อยู่ (is)
เธอ ทำ ยังไง	How did you do it?	เธอ (you) / ทำ (do) / ยังไง (how)
ยาม กลางคืน เงียบสงบ	The night is quiet and peaceful.	ยาม (at) / กลางคืน (night) / เงียบสงบ (quiet and peaceful)
ฉัน รอ รถไฟ	I am waiting for the train.	ฉัน (I) / รอ (wait) / รถไฟ (train)
รถเมล์ มา แล้ว	The bus is here.	รถเมล์ (bus) / มา (come) / แล้ว (already)
อยาก ร่วม กิจกรรม นี้	Want to join this activity.	อยาก (want to) / ร่วม (join) / กิจกรรม (activity) / นี้ (this)
ราคา สาม ร้อย บาท	Price: three hundred baht.	ราคา (price) / สาม (three) / ร้อย (hundred) / บาท (baht)
ฉัน รัก คุณ	I love you.	ฉัน (I) / รัก (love) / คุณ (you)
หมอ ต้อง รักษา ไข้	Doctors must treat the fever.	หมอ (doctor) / ต้อง (must) / รักษา (treat) / ไข้ (fever)
ร้านอาหาร เปิด ใหม่ แล้ว	The restaurant has opened.	ร้านอาหาร (restaurant) / เปิด (open) / ใหม่ (new) / แล้ว (already)
รูป นี้ สวย มาก	This picture is very beautiful.	รูป (picture) / นี้ (this) / สวย (beautiful) / มาก (very)
เขา เรียก ฉัน มา	He called me.	เขา (He/She/They) / เรียก (call) / ฉัน (me) / มา (come)
ความ รู้สึก แรก พบ	First impression.	ความ (feeling) / รู้สึก (sense) / แรก (first) / พบ (meet)
โรงงาน อยู่ ที่ไหน	Where is the factory?	โรงงาน (factory) / อยู่ (is) / ที่ไหน (where)
พระอาทิตย์ กำลัง จะ ลง	The sun is about to set.	พระอาทิตย์ (sun) / กำลัง (is) / จะ (going to) / ลง (set)
ลม พัด แรง มาก	The wind is blowing very strongly.	ลม (wind) / พัด (blowing) / แรง (strong) / มาก (very)
ข้าว ละ 50 บาท	50 baht per portion of rice.	ข้าว (rice) / ละ (per) / 50 (50) / บาท (baht)
หนังสือ เล่ม นี้	This book.	หนังสือ (book) / เล่ม (volume) / นี้ (this)
เลี้ยว ซ้าย ที่ สามแยก	Turn left at the T-junction.	เลี้ยว (turn) / ซ้าย (left) / ที่ (at) / สามแยก (intersection)
เธอ และ ฉัน เพื่อน	You and I are friends.	เธอ (she) / และ (and) / ฉัน (I) / เพื่อน (friend)
ฉัน ไป วัด 	I go to the temple.	ฉัน (I) / ไป (go) / วัด (temple)
วันนี้ อากาศ ดี มาก	The weather is very nice today.	วันนี้ (today) / อากาศ (weather) / ดี (good) / มาก (very)
วันนี้ อากาศ ดีๆ	Today, the weather is nice.	วันนี้ (today) / อากาศ (weather) / ดีๆ (good)
วันพฤหัส ฉัน ไป เรียน	Thursday I go to study.	วันพฤหัส (Thursday) / ฉัน (I) / ไป (go) / เรียน (study)
เขา บอก ว่า ใช่	He said yes.	เขา (he/she/they) / บอก (say/tell) / ว่า (that) / ใช่ (yes)
วาง หนังสือ บน โต๊ะ	Place the book on the table.	วาง (place) / หนังสือ (book) / บน (on) / โต๊ะ (table)
ฉัน วิ่ง ทุก เช้า	I run every morning.	ฉัน (I) / วิ่ง (run) / ทุก (every) / เช้า (morning)
เขา เปิด วิทยุ	He turned on the radio.	เขา (he/she/they) / เปิด (open/turn on) / วิทยุ (radio)
ฉัน ศึกษา ภาษาไทย	I study Thai.	ฉัน (I) / ศึกษา (study) / ภาษาไทย (Thai language)
สงคราม ทำลาย ทุกอย่าง	War destroys everything.	สงคราม (war) / ทำลาย (destroy) / ทุกอย่าง (everything)
ผัก สด มาก	Very fresh vegetables.	ผัก (vegetable) / สด (fresh) / มาก (very)
สถานี รถไฟ อยู่ไหน	Where is the train station?	สถานี (station) / รถไฟ (train) / อยู่ไหน (where is)
ฉัน ไป สถานีรถไฟ	I go to the train station.	ฉัน (I) / ไป (go) / สถานีรถไฟ (train station)
ฉัน ไป สนามบิน	I go to the airport.	ฉัน (I) / ไป (go) / สนามบิน (airport)
ฉัน ชอบ ไป สวน	I like going to the park.	ฉัน (I) / ชอบ (like) / ไป (go) / สวน (garden)
ฉัน ใช้ ส้อม กิน	I use a fork to eat.	ฉัน (I) / ใช้ (use) / ส้อม (fork) / กิน (eat)
สาว สวย มาก ๆ	Very beautiful girl.	สาว (girl) / สวย (beautiful) / มาก ๆ (very)
ราคา สิบ บาท ครับ	Ten baht, sir.	ราคา (price) / สิบ (ten) / บาท (baht) / ครับ (polite particle)
ใบไม้ มี สีเขียว	The leaf is green.	ใบไม้ (leaf) / มี (has) / สีเขียว (green)
ฉัน ชอบ สีน้ำเงิน	I like blue.	ฉัน (I) / ชอบ (like) / สีน้ำเงิน (blue)
ฉัน ชนะ เกม นี้ เสมอ	I always win this game.	ฉัน (I) / ชนะ (win) / เกมนี้ (this game) / เสมอ (always)
งาน เสร็จ แล้ว ค่ะ	The work is finished.	งาน (work) / เสร็จ (finished) / แล้ว (already) / ค่ะ (polite particle)
น้ำ หก บน โต๊ะ	Water spilled on the table.	น้ำ (water) / หก (spill) / บน (on) / โต๊ะ (table)
ฉัน ชอบ อ่าน หนังสือ	I like reading books.	ฉัน (I) / ชอบ (like) / อ่าน (read) / หนังสือ (book)
ฉัน มี รถ หนึ่ง ๑ คัน	I have one car.	ฉัน (I) / มี (have) / รถ (car) / หนึ่ง (one) / ๑ (1) / คัน (classifier for vehicles)
หมอ รักษา คนไข้	The doctor treats the patient.	หมอ (doctor) / รักษา (treats) / คนไข้ (patients)
ฉัน รัก หมา มาก	I love dogs very much.	ฉัน (I) / รัก (love) / หมา (dog) / มาก (very much)
เสื้อ ตัว นี้ หลวม เกิน ไป	This shirt is too loose.	เสื้อ (shirt) / ตัว (classifier for clothing) / นี้ (this) / หลวม (loose) / เกินไป (too)
ฉัน มี หลาย อย่าง	I have many things.	ฉัน (I) / มี (have) / หลาย (many) / อย่าง (things)
ห้อง นี้ สวย มาก	This room is very beautiful.	ห้อง (room) / นี้ (this) / สวย (beautiful) / มาก (very)
ดอกไม้ นี้ หอม มาก	This flower is very fragrant.	ดอกไม้ (flower) / นี้ (this) / หอม (fragrant) / มาก (very)
กระเป๋า หาย ไป	The bag is missing.	กระเป๋า (bag) / หาย (lost) / ไป (go)
ฉัน มี หู สองข้าง	I have two ears.	ฉัน (I) / มี (have) / หู (ears) / สองข้าง (two)
เรา ชอบ สี นี้ เหมือนกัน	We like this color too.	เรา (we) / ชอบ (like) / สี (color) / นี้ (this) / เหมือนกัน (too)
ของ ฉัน อยู่ ไหน	Where is mine?	ของ (of) / ฉัน (I) / อยู่ (is) / ไหน (where)
ฉัน อยาก กิน ข้าว	I want to eat rice.	ฉัน (I) / อยาก (want) / กิน (eat) / ข้าว (rice)
ได้ อย่าง ง่าย ๆ	Easily.	ได้ (can) / อย่าง (manner) / ง่าย ๆ (easy)
หมา ตัว นี้ อ้วน มาก	This dog is very fat.	หมา (dog) / ตัว (classifier for animals) / นี้ (this) / อ้วน (fat) / มาก (very)
ไฟ ออก จาก มือ	Fire from the hands.	ไฟ (fire) / ออก (out) / จาก (from) / มือ (hand)
ฉัน อิ่ม มากแล้ว	I'm very full.	ฉัน (I) / อิ่ม (full) / มากแล้ว (already)
เขา ทำ เอง	He did it himself.	เขา (he) / ทำ (do) / เอง (self)
นี่ คือ กระป๋อง	This is a can.	นี่ (this) / คือ (is) / กระป๋อง (can)
ฉัน มี กระโปรง ใหม่  	I have a new skirt.	ฉัน (I) / มี (have) / กระโปรง (skirt) / ใหม่ (new)
ฉัน ชอบ กิน กล้วย	I like eating bananas.	ฉัน (I) / ชอบ (like) / กิน (eat) / กล้วย (banana)
กล่อง นี้ สวย มาก	This box is very beautiful.	กล่อง (box) / นี้ (this) / สวย (beautiful) / มาก (very)
ฉัน กลัว ความมืด	I am afraid of the dark.	ฉัน (I) / กลัว (fear) / ความมืด (darkness)
เขา กล้า กระโดด ข้าม	He dares to jump over.	เขา (he) / กล้า (brave) / กระโดด (jump) / ข้าม (across)
แม่ น้ำ อยู่ กลาง เมือง	The river is in the middle of the city.	แม่น้ำ (river) / อยู่ (is) / กลาง (middle) / เมือง (city)
จันทร์ สว่าง กลางคืน	The moon shines at night.	จันทร์ (moon) / สว่าง (bright) / กลางคืน (night)
ฉัน ชอบ กิน กุ้ง	I like to eat shrimp.	ฉัน (I) / ชอบ (like) / กิน (eat) / กุ้ง (shrimp)
เก็บ หนังสือ บน ชั้น	Put the book on the shelf.	เก็บ (keep) / หนังสือ (book) / บน (on) / ชั้น (shelf)
แมว มี ขา เก้า ๙	The cat has nine legs.	แมว (cat) / มี (has) / ขา (legs) / เก้า (nine) / ๙ (9)
ฝน เกิด จาก เมฆ	Rain comes from clouds.	ฝน (rain) / เกิด (arise) / จาก (from) / เมฆ (clouds)
ขนาด ของ บ้าน เล็ก	The size of the house is small.	ขนาด (size) / ของ (of) / บ้าน (house) / เล็ก (small)
ขวด นี้ สี แดง	This bottle is red.	ขวด (bottle) / นี้ (this) / สี (color) / แดง (red)
เลี้ยว ขวา ตรงนี้	Turn right here.	เลี้ยว (turn) / ขวา (right) / ตรงนี้ (here)
อากาศ ดี ข้างนอก	The weather is good outside.	อากาศ (weather) / ดี (good) / ข้างนอก (outside)
ของ ข้างใน อยู่ไหน	Where are the things inside?	ของ (of) / ข้างใน (inside) / อยู่ไหน (where is it)
หนังสือ อยู่ ข้างบน	The book is on top.	หนังสือ (book) / อยู่ (is) / ข้างบน (on top)
ของ อยู่ ข้างล่าง	It's downstairs.	ของ (of) / อยู่ (is) / ข้างล่าง (below)
ข้าราชการ ทำงาน ที่ไหน	Where do government officials work?	ข้าราชการ (government official) / ทำงาน (work) / ที่ไหน (where)
ฉัน ขี้เกียจ ทำงาน	I am lazy to work.	ฉัน (I) / ขี้เกียจ (lazy) / ทำงาน (work)
เข็มขัด ของ ฉัน หาย	My belt is missing.	เข็มขัด (belt) / ของ (of) / ฉัน (my) / หาย (lost)
เขมร มี วัฒนธรรม โบราณ	Khmer has an ancient culture.	เขมร (Khmer) / มี (has) / วัฒนธรรม (culture) / โบราณ (ancient)
เข่า เจ็บ มาก เลย	My knee hurts a lot.	เข่า (knee) / เจ็บ (pain) / มาก (very) / เลย (indeed)
เข้า ห้อง ผิด แล้ว	Entered the wrong room.	เข้า (enter) / ห้อง (room) / ผิด (wrong) / แล้ว (already)
น้ำแข็ง แข็ง เร็ว	Ice freezes quickly.	น้ำ (water) / แข็ง (ice) / แข็ง (hard) / เร็ว (quickly)
เขา มี ไข้ สูง	He has a high fever.	เขา (he) / มี (has) / ไข้ (fever) / สูง (high)
ฉัน กิน เค้ก ครึ่ง	I ate half a cake.	ฉัน (I) / กิน (eat) / เค้ก (cake) / ครึ่ง (half)
เรือ ล่อง ใน คลอง	The boat is floating in the canal.	เรือ (boat) / ล่อง (float) / ใน (in) / คลอง (canal)
ฉัน มี ความสุข มาก	I am very happy.	ฉัน (I) / มี (have) / ความสุข (happiness) / มาก (very)
คำ นี้ มี ความหมาย	This word has a meaning.	คำ (word) / นี้ (this) / มี (have) / ความหมาย (meaning)
แมว คือ สัตว์เลี้ยง	Cats are pets.	แมว (cat) / คือ (is) / สัตว์เลี้ยง (pet)
เครื่อง เสีย แล้ว	The machine is broken now.	เครื่อง (machine) / เสีย (broken) / แล้ว (already)
ฉัน อยาก ไป แคนาดา	I want to go to Canada.	ฉัน (I) / อยาก (want to) / ไป (go) / แคนาดา (Canada)
ฉัน ง่วงนอน มากวันนี้	I'm very sleepy today.	ฉัน (I) / ง่วงนอน (sleepy) / มาก (very) / วันนี้ (today)
จมูก ของ เขา ใหญ่	His nose is big.	จมูก (nose) / ของ (of) / เขา (his) / ใหญ่ (big)
ฉัน ชอบ อาหาร จีน	I like Chinese food.	ฉัน (I) / ชอบ (like) / อาหาร (food) / จีน (Chinese)
ซุป นี้ จืด มาก	This soup is very bland.	ซุป (soup) / นี้ (this) / จืด (bland) / มาก (very)
เจอ คุณ ที่ ร้าน	See you at the shop.	เจอ (meet) / คุณ (you) / ที่ (at) / ร้าน (shop)
เขา มี ใจ ดี	He is kind-hearted.	เขา (he) / มี (has) / ใจ (heart) / ดี (good)
คุณ แม่ ใจดี	Your mother is kind.	คุณ (you) / แม่ (mother) / ใจดี (kind)
รถ ชน กัน	Car crash.	รถ (car) / ชน (crash) / กัน (together)
ฉัน ชนะ การแข่งขัน	I won the competition.	ฉัน (I) / ชนะ (win) / การแข่งขัน (competition)
ชนิด นี้ ดีมาก	This type is very good.	ชนิด (kind) / นี้ (this) / ดีมาก (very good)
เสียง ชัด มาก ครับ	The sound is very clear.	เสียง (sound) / ชัด (clear) / มาก (very/much) / ครับ (polite particle for men)
ช้าง อยู่ ใน ป่า	The elephant is in the forest.	ช้าง (elephant) / อยู่ (is) / ใน (in) / ป่า (forest)
ชุด นี้ สวย จัง	This outfit is really beautiful.	ชุด (outfit) / นี้ (this) / สวย (beautiful) / จัง (so)
อาหารไทย เช่น ต้มยำ	Thai food such as Tom Yum.	อาหารไทย (Thai food) / เช่น (such as) / ต้มยำ (Tom Yum)
ฉัน เชื่อ ใน คุณ	I believe in you.	ฉัน (I) / เชื่อ (believe) / ใน (in) / คุณ (you)
วันนี้ ร้อน ใช่ ไหม	Is it hot today?	วันนี้ (today) / ร้อน (hot) / ใช่ไหม (isn't it)
เลี้ยว ซ้าย ที่ มุม	Turn left at the corner.	เลี้ยว (turn) / ซ้าย (left) / ที่ (at) / มุม (corner)
ญาติ ของ ฉัน มา	My relative(s) are coming.	ญาติ (relative) / ของ (of) / ฉัน (my) / มา (came)
ฉัน ชอบ ฟัง ดนตรี	I like listening to music.	ฉัน (I) / ชอบ (like) / ฟัง (listen) / ดนตรี (music)
มา เล่น ด้วย กัน ไหม	Do you want to play together?	มา (come) / เล่น (play) / ด้วยกัน (together) / ไหม (question particle)
ฉัน ชอบ ดอกไม้ สวย	I like beautiful flowers.	ฉัน (I) / ชอบ (like) / ดอกไม้ (flowers) / สวย (beautiful)
ฉัน เห็น ดาว คืนนี้	I see stars tonight.	ฉัน (I) / เห็น (see) / ดาว (stars) / คืนนี้ (tonight)
ดิฉัน รัก ภาษาไทย	I love the Thai language.	ดิฉัน (I) / รัก (love) / ภาษาไทย (Thai language)
เธอ มี ดินสอ ไหม	Do you have a pencil?	เธอ (you) / มี (have) / ดินสอ (pencil) / ไหม (question particle)
ไป คน เดียว ได้	Go alone.	ไป (go) / คน (person) / เดียว (alone) / ได้ (can)
เดินทาง โดย รถไฟ	Travel by train.	เดินทาง (travel) / โดย (by) / รถไฟ (train)
ต้น ไม้ สูง ใหญ่	Tall big tree.	ต้น (tree) / ไม้ (wood) / สูง (tall) / ใหญ่ (big)
ต้นไม้ สูง มาก	The tree is very tall.	ต้นไม้ (tree) / สูง (tall) / มาก (very)
หมอ ตรวจ คนไข้	The doctor examines the patient.	หมอ (doctor) / ตรวจ (examines) / คนไข้ (patient)
เขา เล่น เกม ตลอด	He plays games all the time.	เขา (he) / เล่น (play) / เกม (game) / ตลอด (all the time)
ฉัน วิ่ง ต่อ นาที	I run per minute.	ฉัน (I) / วิ่ง (run) / ต่อ (per) / นาที (minute)
ทำงาน ต่อไป พรุ่งนี้	Continue working tomorrow.	ทำงาน (work) / ต่อไป (next) / พรุ่งนี้ (tomorrow)
ประเทศ ตะวันออก เฉียง ใต้	Southeast Asian countries.	ประเทศ (country) / ตะวันออก (east) / เฉียงใต้ (southeast)
เขา ตั้ง เป้าหมาย	He set a goal.	เขา (he) / ตั้ง (set) / เป้าหมาย (goal)
ตั้งแต่ วันนี้ ไม่มีเรียน	From today, there are no classes.	ตั้งแต่ (since) / วันนี้ (today) / ไม่มี (no) / เรียน (study)
ซื้อตั๋ว รถไฟ ค่ะ	Buy a train ticket.	ซื้อ (buy) / ตั๋ว (ticket) / รถไฟ (train) / ค่ะ (polite particle for female)
ราคา ต่ำ กว่า มาตรฐาน	Below standard price.	ราคา (price) / ต่ำ (low) / กว่า (than) / มาตรฐาน (standard)
เขา ได้ ตำแหน่ง ใหม่	He got a new position.	เขา (he) / ได้ (got) / ตำแหน่ง (position) / ใหม่ (new)
ตู้ เสื้อผ้า ของ ฉัน	My wardrobe.	ตู้ (cabinet) / เสื้อผ้า (clothes) / ของ (of) / ฉัน (my)
น้ำ เต็ม แก้ว แล้ว	The glass is full of water now.	น้ำ (water) / เต็ม (full) / แก้ว (glass) / แล้ว (already)
เธอ จะแต่ง หนังสือ	She will write a book.	เธอ (she) / จะ (will) / แต่ง (write) / หนังสือ (book)
เขา แต่งตัว สวยมาก	He dresses very beautifully.	เขา (he/she) / แต่งตัว (dress up) / สวยมาก (very beautifully)
ฉัน ชอบ แตงโม	I like watermelon.	ฉัน (I) / ชอบ (like) / แตงโม (watermelon)
เขา ตัว โต 	He is big.	เขา (he/she/they) / ตัว (body) / โต (big)
ถอด รองเท้า ก่อน เข้า	Take off your shoes before entering.	ถอด (take off) / รองเท้า (shoes) / ก่อน (before) / เข้า (enter)
น้ำ ใน ถัง รั่ว	The water in the tank is leaking.	น้ำ (water) / ใน (in) / ถัง (container) / รั่ว (leak)
ฉัน ชอบ ถ่ายรูป	I like taking photos.	ฉัน (I) / ชอบ (like) / ถ่ายรูป (take photos)
ปลา ทอด อร่อย มาก	Fried fish is very delicious.	ปลา (fish) / ทอด (fried) / อร่อย (delicious) / มาก (very)
หนังสือ ทับ ปากกา อยู่	The book is on top of the pen.	หนังสือ (book) / ทับ (on/top/cover) / ปากกา (pen) / อยู่ (is/are)
ที นี้ ที่ไหน	Where is this place?	ที (here) / นี้ (this) / ที่ไหน (where)
ไป ที่ทำงาน กัน	Let's go to work.	ไป (go) / ที่ทำงาน (workplace) / กัน (together)
เขาอยู่ ที่นั่น ตอนนี้	He is there now.	เขา (he/she) / อยู่ (is) / ที่นั่น (there) / ตอนนี้ (now)
อากาศ ดี ที่นี่	The weather is nice here.	อากาศ (weather) / ดี (good) / ที่นี่ (here)
ทุก คน ยิ้ม กว้าง	Everyone smiles broadly.	ทุก (every) / คน (person) / ยิ้ม (smile) / กว้าง (wide)
ฉัน ชอบ กิน ทุเรียน	I like to eat durian.	ฉัน (I) / ชอบ (like) / กิน (eat) / ทุเรียน (durian)
วันนี้ วันหยุด เท่านั้น	Today is a holiday only.	วันนี้ (today) / วันหยุด (holiday) / เท่านั้น (only)
ฉัน จุด เทียน แล้ว	I lit a candle already.	ฉัน (I) / จุด (light) / เทียน (candle) / แล้ว (already)
มี ธุระ วันนี้	I have errands today.	มี (have) / ธุระ (errand) / วันนี้ (today)
น้องชาย ของ ฉัน	My brother.	น้องชาย (younger brother) / ของ (of) / ฉัน (my)
นัก เรียน อ่าน หนังสือ	Students read books.	นัก (student) / เรียน (study) / อ่าน (read) / หนังสือ (book)
นักเรียน ชอบ เรียน ภาษา	Students like to learn languages.	นักเรียน (student) / ชอบ (like) / เรียน (study) / ภาษา (language)
เขา นั่ง บน เก้าอี้	He sits on the chair.	เขา (he) / นั่ง (sit) / บน (on) / เก้าอี้ (chair)
วันนี้ นัด เพื่อน	Meeting friends today.	วันนี้ (today) / นัด (meet) / เพื่อน (friend)
ฉัน นับถือ ความคิดเธอ	I respect your opinion.	ฉัน (I) / นับถือ (respect) / ความคิด (ideas) / เธอ (your)
น้า มา เยี่ยม บ้าน	Aunt/Uncle came to visit the house.	น้า (uncle/aunt) / มา (come) / เยี่ยม (visit) / บ้าน (house)
รอ นาน แค่ ไหน	How long will it take?	รอ (wait) / นาน (long) / แค่ (just) / ไหน (where)
วันนี้ น่าเบื่อ มาก	Today is very boring.	วันนี้ (today) / น่าเบื่อ (boring) / มาก (very)
นามสกุล ของ คุณ คืออะไร	What is your last name?	นามสกุล (surname) / ของ (of) / คุณ (you) / คือ (is) / อะไร (what)
นาย ไป ไหน	Where are you going?	นาย (Mr.) / ไป (go) / ไหน (where)
น้ำตาล หวาน มาก ๆ	Sugar is very sweet.	น้ำตาล (sugar) / หวาน (sweet) / มาก ๆ (very)
นิ้วเท้า ของ ฉัน เจ็บ	My toe hurts.	นิ้วเท้า (toe) / ของ (of) / ฉัน (my) / เจ็บ (hurt)
นี่ คือ หนังสือ	This is a book.	นี่ (this) / คือ (is) / หนังสือ (book)
ฉัน มี บัญชี ออมทรัพย์	I have a savings account.	ฉัน (I) / มี (have) / บัญชี (account) / ออมทรัพย์ (savings)
ผู้ชาย บาง คน ดี	Some men are good.	ผู้ชาย (man) / บาง (some) / คน (person) / ดี (good)
เขามา บ้าง ไหม	Does he come sometimes?	เขา (he/they) / มา (come) / บ้าง (some) / ไหม (question word)
บางที เขา ไม่มา	Maybe he won't come.	บางที (perhaps) / เขา (he) / ไม่ (not) / มา (come)
ราคา สาม ร้อย บาท	Three hundred baht.	ราคา (price) / สาม (three) / ร้อย (hundred) / บาท (baht)
เจอกัน บ่าย ๆ นะ	See you in the afternoon.	เจอกัน (see you) / บ่าย ๆ (afternoon) / นะ (okay)
เสียง เพลง เบา จัง	The music is so quiet.	เสียง (sound) / เพลง (music) / เบา (soft) / จัง (very),
เขา เบิกเงิน แล้ว	He withdrew the money already.	เขา (he) / เบิก (withdraw) / เงิน (money) / แล้ว (already)
อาจารย์ ประกาศ คะแนนแล้ว	The teacher has announced the scores.	อาจารย์ (teacher) / ประกาศ (announce) / คะแนน (scores) / แล้ว (already)
อยาก ไป ประเทศ อังกฤษ	I want to go to England.	อยาก (want) / ไป (go) / ประเทศ (country) / อังกฤษ (England)
ออกกำลังกาย มี ประโยชน์	Exercise is beneficial.	ออก (exercise) / กำลังกาย (physical) / มี (has) / ประโยชน์ (benefits)
ฉัน ปวด หัว มาก	I have a bad headache.	ฉัน (I) / ปวด (ache) / หัว (head) / มาก (very)
ปั๊ม น้ำมัน อยู่ ที่ไหน	Where is the gas station?	ปั๊ม (gas station) / น้ำมัน (oil) / อยู่ (is) / ที่ไหน (where)
ป้าย เตือน ห้าม เข้า	Warning sign, no entry.	ป้าย (sign) / เตือน (warning) / ห้าม (do not) / เข้า (enter)
เป็ด ว่ายน้ำ ใน บ่อน้ำ	The duck swims in the pond.	เป็ด (duck) / ว่ายน้ำ (swim) / ใน (in) / บ่อน้ำ (pond)
ผล ของ ความพยายาม	The result of effort.	ผล (result) / ของ (of) / ความพยายาม (effort)
ฉัน ชอบ กิน ผลไม้	I like to eat fruit.	ฉัน (I) / ชอบ (like) / กิน (eat) / ผลไม้ (fruit)
เขา ผ่าน การสอบ	He passed the exam.	เขา (he) / ผ่าน (pass) / การสอบ (the exam)
ผ้าห่ม นุ่ม มาก	The blanket is very soft.	ผ้าห่ม (blanket) / นุ่ม (soft) / มาก (very)
อาหาร นี้ เผ็ด มาก	This food is very spicy.	อาหาร (food) / นี้ (this) / เผ็ด (spicy) / มาก (very)
ฉัน มี แผนที่	I have a map.	ฉัน (I) / มี (have) / แผนที่ (map)
ฉัน อยาก ไป ฝรั่งเศส	I want to go to France.	ฉัน (I) / อยาก (want) / ไป (to go) / ฝรั่งเศส (France)
ฝา นี้ สวย มาก	This lid is very beautiful.	ฝา (lid) / นี้ (this) / สวย (beautiful) / มาก (very)
ฉัน ชอบ อาหาร พม่า	I like Burmese food.	ฉัน (I) / ชอบ (like) / อาหาร (food) / พม่า (Burmese)
น้องสาว เป็น พยาบาล	My sister is a nurse.	น้องสาว (younger sister) / เป็น (is) / พยาบาล (nurse)
ฉัน ชอบ กิน พริก	I like eating chili.	ฉัน (I) / ชอบ (like) / กิน (eat) / พริก (chili)
เขา พอใจ กับ ผลลัพธ์	He is satisfied with the results.	เขา (he) / พอใจ (satisfied) / กับ (with) / ผลลัพธ์ (results)
พ่อแม่ รัก ลูก	Parents love children.	พ่อ (father) / แม่ (mother) / รัก (love) / ลูก (child)
ภูเขาสูงเป็น พัน เมตร	The mountain is a thousand meters high.	ภูเขา (mountain) / สูง (tall) / เป็น (is) / พัน (thousand) / เมตร (meters)
พี่ชาย ไป ตลาด	Older brother goes to the market.	พี่ชาย (older brother) / ไป (go) / ตลาด (market)
พี่สาว ของ ฉัน	My sister.	พี่สาว (older sister) / ของ (of) / ฉัน (my)
พื้น สะอาด มาก ๆ	The floor is very clean.	พื้น (floor) / สะอาด (clean) / มาก (very) / ๆ (very)
เขา เพิ่ง กลับมา	He just came back.	เขา (he) / เพิ่ง (just) / กลับมา (returned)
ฉัน ขี่ มอเตอร์ไซค์ ทุกวัน	I ride a motorcycle every day.	ฉัน (I) / ขี่ (ride) / มอเตอร์ไซค์ (motorcycle) / ทุกวัน (every day)
ฉัน ชอบ กิน มะม่วง	I like to eat mangoes.	ฉัน (I) / ชอบ (like) / กิน (eat) / มะม่วง (mango)
มะละกอ หวาน มาก ๆ	Papaya is very sweet.	มะละกอ (papaya) / หวาน (sweet) / มาก (very) / ๆ (very)
ฉัน เพิ่ง มา เมื่อกี้นี้	I just arrived a moment ago.	ฉัน (I) / เพิ่ง (just) / มา (come) / เมื่อกี้นี้ (a moment ago)
เขา โมโห มาก	He is very angry.	เขา (he) / โมโห (angry) / มาก (very)
เขา ไม่ค่อย จะ มา	He seldom comes.	เขา (he) / ไม่ค่อย (not often) / จะ (will) / มา (come)
ฉัน ไม่เคย ไป	I have never gone.	ฉัน (I) / ไม่เคย (never) / ไป (go)
ฉัน ชอบ ยี่ห้อ นี้	I like this brand.	ฉัน (I) / ชอบ (like) / ยี่ห้อ (brand) / นี้ (this)
เธอ ยืน ตรงนั้น	She is standing there.	เธอ (you) / ยืน (stand) / ตรงนั้น (there)
ขอ ยืม หนังสือ หน่อย	May I borrow the book, please?	ขอ (may I) / ยืม (borrow) / หนังสือ (book) / หน่อย (please)
ยุง กัด ฉัน เมื่อวานนี้	A mosquito bit me yesterday.	ยุง (mosquito) / กัด (bit) / ฉัน (me) / เมื่อวานนี้ (yesterday)
รัก ความ ยุติธรรม	Love justice.	รัก (love) / ความ (the) / ยุติธรรม (justice)
ฉัน ชอบ อาหาร เยอรมัน	I like German food.	ฉัน (I) / ชอบ (like) / อาหาร (food) / เยอรมัน (German)
เขา ซื้อ รถยนต์ ใหม่	He bought a new car.	เขา (he) / ซื้อ (buy) / รถยนต์ (car) / ใหม่ (new)
ฉัน ลืม ร่ม ที่บ้าน	I forgot the umbrella at home.	ฉัน (I) / ลืม (forgot) / ร่ม (umbrella) / ที่บ้าน (at home)
เด็ก ร้อง ดัง มาก	The child cries very loudly.	เด็ก (child) / ร้อง (cry) / ดัง (loud) / มาก (very)
รัฐบาล อยาก ช่วย ประชาชน	The government wants to help the people.	รัฐบาล (government) / อยาก (want) / ช่วย (help) / ประชาชน (people)
ร้าน ขาย อาหาร อร่อย	The shop sells delicious food.	ร้าน (shop/store) / ขาย (sell) / อาหาร (food) / อร่อย (delicious)
ราว กับ ฝัน	Like a dream.	ราว (as) / กับ (with) / ฝัน (dream)
ฉัน รู้สึก เหนื่อย มาก	I feel very tired.	ฉัน (I) / รู้สึก (feel) / เหนื่อย (tired) / มาก (very)
เรา ไป โรงเรียน	We go to school.	เรา (we) / ไป (go) / โรงเรียน (school)
ทุกอย่าง เรียบร้อย ดี	Everything is fine.	ทุกอย่าง (everything) / เรียบร้อย (fine) / ดี (good)
โรค นี้ อันตราย มาก	This disease is very dangerous.	โรค (disease) / นี้ (this) / อันตราย (dangerous) / มาก (very)
ฉัน จอด รถ ใน โรงรถ	I parked the car in the garage.	ฉัน (I) / จอด (park) / รถ (car) / ใน (in) / โรงรถ (garage)
ไป โรงหนัง กันไหม	Shall we go to the cinema?	ไป (go) / โรงหนัง (cinema) / กันไหม (shall we)
ฤดู หนาว มา แล้ว	Winter has come.	ฤดู (season) / หนาว (cold) / มา (come) / แล้ว (already)
ลา ไป ต่างจังหวัด	Taking leave to go upcountry.	ลา (take leave) / ไป (go) / ต่างจังหวัด (upcountry)
เขา มี เงิน ล้าน	He has a million.	เขา (he/she) / มี (has) / เงิน (money) / ล้าน (million)
ลุง ทำ งาน ทุกวัน	Uncle works every day.	ลุง (Uncle) / ทำ (Work) / งาน (Job) / ทุกวัน (Every day)
ลูกสาว ของ คุณ	Your daughter.	ลูกสาว (daughter) / ของ (of) / คุณ (your)
โลก สวย งาม มาก	The world is very beautiful.	โลก (world) / สวย (beautiful) / งาม (beautiful) / มาก (very)
วัว กิน หญ้า เขียว	The cow eats green grass.	วัว (cow) / กิน (eat) / หญ้า (grass) / เขียว (green)
วิชา คณิตศาสตร์ น่าสนใจ มาก	Mathematics is very interesting.	วิชา (subject) / คณิตศาสตร์ (mathematics) / น่าสนใจ (interesting) / มาก (very)
ฉัน ชอบ วิทยาศาสตร์ มาก	I really like science.	ฉัน (I) / ชอบ (like) / วิทยาศาสตร์ (science) / มาก (very much)
ศาสนา สอน ให้ รู้จัก	Religion teaches understanding.	ศาสนา (religion) / สอน (teaches) / ให้ (to) / รู้จัก (know)
รองเท้า มัน สกปรก มาก	The shoes are very dirty.	รองเท้า (shoes) / มัน (it) / สกปรก (dirty) / มาก (very)
ฉัน ไป สถานทูต	I went to the embassy.	ฉัน (I) / ไป (go) / สถานทูต (embassy)
เด็ก เล่น ที่ สนาม	The children play at the playground.	เด็ก (child) / เล่น (play) / ที่ (at) / สนาม (field)
เกม นี้ สนุก มาก	This game is very fun.	เกม (game) / นี้ (this) / สนุก (fun) / มาก (very)
ฉัน รู้สึก สบายใจ	I feel at ease.	ฉัน (I) / รู้สึก (feel) / สบายใจ (comfortable)
สบู่ ของฉัน หอม มาก	My soap is very fragrant.	สบู่ (soap) / ของฉัน (my) / หอม (fragrant) / มาก (very)
ฉัน ชอบ กิน ส้ม	I like to eat oranges.	ฉัน (I) / ชอบ (like) / กิน (eat) / ส้ม (orange)
ฉัน ชอบ กิน ส้มโอ	I like eating pomelos.	ฉัน (I) / ชอบ (like) / กิน (eat) / ส้มโอ (pomelo)
นึกถึง สมัย ก่อน	Thinking of the past.	นึกถึง (think of) / สมัย (era) / ก่อน (before)
ฉัน ลืม สมุด ที่บ้าน	I forgot the notebook at home.	ฉัน (I) / ลืม (forgot) / สมุด (notebook) / ที่ (at) / บ้าน (home)
ส่วนมาก ฉัน กิน ข้าว	Mostly, I eat rice.	ส่วนมาก (mostly) / ฉัน (I) / กิน (eat) / ข้าว (rice)
ห้อง นี้ สว่าง มาก	This room is very bright.	ห้อง (room) / นี้ (this) / สว่าง (bright) / มาก (very)
ฉัน จะ สั่ง อาหาร	I will order food.	ฉัน (I) / จะ (will) / สั่ง (order) / อาหาร (food)
เธอ สัญญา กับ ฉัน	She promised me.	เธอ (you) / สัญญา (promise) / กับ (with) / ฉัน (me)
ฉัน รัก สัตว์ มาก	I love animals very much.	ฉัน (I) / รัก (love) / สัตว์ (animals) / มาก (very much)
ฉัน ชอบ กิน สับปะรด	I like eating pineapples.	ฉัน (I) / ชอบ (like) / กิน (eat) / สับปะรด (pineapple)
หนึ่ง สัปดาห์ มี เจ็ดวัน	One week has seven days.	หนึ่ง (one) / สัปดาห์ (week) / มี (has) / เจ็ดวัน (seven days)
แมว มี ลูก สาม ตัว	The cat has three kittens.	แมว (cat) / มี (has) / ลูก (offspring) / สาม (three) / ตัว (classifier for animals)
นี่ เป็น เรื่อง สำคัญ	This is an important matter.	นี่ (this) / เป็น (is) / เรื่อง (matter) / สำคัญ (important)
ผม ชอบ เสื้อ สี เทา	I like the gray shirt.	ผม (I) / ชอบ (like) / เสื้อ (shirt) / สี (color) / เทา (gray)
แมว ของ ฉัน สีน้ำตาล	My cat is brown.	แมว (cat) / ของ (of) / ฉัน (my) / สีน้ำตาล (brown)
เจอ กัน ที่ สี่แยก	See you at the intersection.	เจอกัน (see you) / ที่ (at) / สี่แยก (intersection)
ดอกไม้ สีเหลือง สดใส	Bright yellow flowers.	ดอกไม้ (flower) / สีเหลือง (yellow) / สดใส (bright)
ใน ที่สุด สุดท้าย	Finally, in the end.	ใน (in) / ที่สุด (finally) / สุดท้าย (last)
สูบ บุหรี่ เป็น อันตราย	Smoking is dangerous.	สูบ (smoking) / บุหรี่ (cigarette) / เป็น (is) / อันตราย (dangerous)
เธอ เสียใจ มาก ๆ	She is very sad.	เธอ (you) / เสียใจ (sorry) / มาก ๆ (very much)
วัว กำลังกิน หญ้า	The cow is eating grass.	วัว (cow) / กำลัง (is) / กิน (eating) / หญ้า (grass)
หญิง ชอบ ดอกไม้ มาก	Women like flowers a lot.	หญิง (woman) / ชอบ (likes) / ดอกไม้ (flowers) / มาก (very much)
ฉัน อ่าน หนังสือพิมพ์	I read the newspaper.	ฉัน (I) / อ่าน (read) / หนังสือพิมพ์ (newspaper)
ฉัน เปิด หน้าต่าง แล้ว	I opened the window.	ฉัน (I) / เปิด (open) / หน้าต่าง (window) / แล้ว (already)
น้ำ หมด แล้ว	The water is finished.	น้ำ (water) / หมด (finished) / แล้ว (already)
ฉัน ซื้อ หมวก ใหม่	I bought a new hat.	ฉัน (I) / ซื้อ (buy) / หมวก (hat) / ใหม่ (new)
ฉัน ต้องการ หมอน ใหม่	I need a new pillow.	ฉัน (I) / ต้องการ (want) / หมอน (pillow) / ใหม่ (new)
ฉัน กลัว หมอฟัน	I am afraid of the dentist.	ฉัน (I) / กลัว (afraid) / หมอฟัน (dentist)
หมู่บ้าน ของ ฉัน สวย	My village is beautiful.	หมู่บ้าน (village) / ของ (of) / ฉัน (my) / สวย (beautiful)
หยุด วิ่ง ตอนนี้ เลย	Stop running right now.	หยุด (stop) / วิ่ง (run) / ตอนนี้ (now) / เลย (immediately)
ซื้อ หลอด ไฟ ใหม่	Buy new light bulbs.	ซื้อ (buy) / หลอด (bulb) / ไฟ (light) / ใหม่ (new)
เขา กำลัง หลับ อยู่	He is sleeping.	เขา (he) / กำลัง (is) / หลับ (sleeping) / อยู่ (being)
หลาน ฉัน ไป โรงเรียน	My grandchild goes to school.	หลาน (grandchild) / ฉัน (I) / ไป (go) / โรงเรียน (school)
เขา หัวเราะ ดังมาก	He laughed very loudly.	เขา (he) / หัวเราะ (laughs) / ดังมาก (very loudly)
ฉัน มี ห้า บาท	I have five baht.	ฉัน (I) / มี (have) / ห้า (five) / บาท (baht)
บ้าน เรา อยู่ ห่าง มาก	Our house is very far away.	บ้าน (house) / เรา (we) / อยู่ (is) / ห่าง (far) / มาก (very)
วันนี้ หิมะ ตก หนัก	Today, it is snowing heavily.	วันนี้ (today) / หิมะ (snow) / ตก (fall) / หนัก (heavy)
เขา ได้รับ เหรียญทอง .	He received a gold medal.	เขา (he) / ได้รับ (received) / เหรียญทอง (gold medal)
สิ่ง เหล่านี้ มี ค่า	These things are valuable.	สิ่ง (thing) / เหล่านี้ (these) / มี (have) / ค่า (value)
กระดาษ นี้ ไหม้ เร็ว	This paper burns quickly.	กระดาษ (paper) / นี้ (this) / ไหม้ (burn) / เร็ว (fast)
เจ็บ อก เวลา ไอ	Chest pain when coughing.	เจ็บ (hurt) / อก (chest) / เวลา (when) / ไอ (cough)
เขา เป็น อเมริกัน	He is American.	เขา (he/she/they) / เป็น (is/are) / อเมริกัน (American)
ฉัน ชอบ ไป อเมริกา	I like going to America.	ฉัน (I) / ชอบ (like) / ไป (go) / อเมริกา (America)
อย่า วิ่ง ใน ที่ 暗	Don't run in the dark.	อย่า (do not) / วิ่ง (run) / ใน (in) / ที่ (place) / 暗 (dark)
อาหาร นี้ อร่อย มาก	This food is very delicious.	อาหาร (food) / นี้ (this) / อร่อย (delicious) / มาก (very)
ฉัน อยาก ไป ออสเตรเลีย	I want to go to Australia.	ฉัน (I) / อยาก (want) / ไป (go) / ออสเตรเลีย (Australia)
ไฟฟ้า อันตราย มาก	Electricity is very dangerous.	ไฟฟ้า (electricity) / อันตราย (dangerous) / มาก (very)
ฉัน จะ ไป อาบ น้ำ	I am going to take a shower.	ฉัน (I) / จะ (will) / ไป (go) / อาบน้ำ (bathe)
ฉัน ไป อำเภอ	I go to the district office.	ฉัน (I) / ไป (go) / อำเภอ (district)
ช่วย พูด อีก ที	Please say it again.	ช่วย (help) / พูด (speak) / อีก (again) / ที (time)
ฉัน ต้องการ เอกสาร นี้	I need this document.	ฉัน (I) / ต้องการ (want) / เอกสาร (document) / นี้ (this)
เอเซีย เป็น ทวีป หนึ่ง	Asia is a continent.	เอเซีย (Asia) / เป็น (is) / ทวีป (continent) / หนึ่ง (one)
ฉัน แอบ ดู เธอ	I secretly watch you.	ฉัน (I) / แอบ (secretly) / ดู (watch) / เธอ (you)
วันนี้ มี โอกาส ดี	Today is a good opportunity.	วันนี้ (today) / มี (have) / โอกาส (opportunity) / ดี (good)
กฎหมาย ต้อง ปฏิบัติ ตาม	The law must be followed.	กฎหมาย (law) / ต้อง (must) / ปฏิบัติ (follow) / ตาม (according)
กรม อุตุนิยมวิทยา พยากรณ์ อากาศ	The Meteorological Department forecasts the weather.	กรม (Department) / อุตุนิยมวิทยา (Meteorology) / พยากรณ์ (Forecast) / อากาศ (Weather)
กระจก ใส จน มองทะลุ	The glass is clear enough to see through.	กระจก (glass) / ใส (clear) / จน (until) / มองทะลุ (see through)
กระดาน นั้น สี ขาว	That board is white.	กระดาน (board) / นั้น (that) / สี (color) / ขาว (white)
กระดูก เป็น ส่วนสำคัญ	Bones are an important part.	กระดูก (bone) / เป็น (is) / ส่วนสำคัญ (important part)
ฉัน ชอบ กระเทียม มาก	I really like garlic.	ฉัน (I) / ชอบ (like) / กระเทียม (garlic) / มาก (very much)
ลูกบอล นี้ กลม	This ball is round.	ลูกบอล (ball) / นี้ (this) / กลม (round)
ทาน ข้าว กลางวัน แล้ว หรือ	Have you had lunch yet?	ทาน (eat) / ข้าว (rice) / กลางวัน (noon) / แล้ว (already) / หรือ (question)
กอง หนังสือ อยู่ไหน	Where is the pile of books?	กอง (pile) / หนังสือ (book) / อยู่ (is) / ไหน (where)
แมว ชอบ กัด เชือก	Cats like to bite ropes.	แมว (cat) / ชอบ (likes) / กัด (bite) / เชือก (string)
การศึกษา สำคัญ มาก	Education is very important.	การศึกษา (education) / สำคัญ (important) / มาก (very)
บ้านห่าง 5 กิโลเมตร	The house is 5 kilometers away.	บ้าน (house) / ห่าง (away) / 5 (five) / กิโลเมตร (kilometers) 
ฉัน ชอบ เล่น กีฬา	I like to play sports.	ฉัน (I) / ชอบ (like) / เล่น (play) / กีฬา (sports)
ขอ เกลือ หน่อย ครับ	May I have some salt, please?	ขอ (may I have) / เกลือ (salt) / หน่อย (please) / ครับ (polite particle)
ฉัน ชอบ เพลง เกาหลี	I like Korean music.	ฉัน (I) / ชอบ (like) / เพลง (music or song) / เกาหลี (Korean)
ฉัน ชอบ เกาหลีใต้	I like South Korea.	ฉัน (I) / ชอบ (like) / เกาหลีใต้ (South Korea)
ฝนตก เกิดขึ้น บ่อยๆ	It rains frequently.	ฝน (rain) / ตก (fall) / เกิดขึ้น (happen) / บ่อยๆ (frequently)
คำถาม เกิน ไป	Too many questions.	คำถาม (question) / เกิน (too) / ไป (go)
เธอ โกรธ ฉัน ไหม	Are you mad at me?	เธอ (you) / โกรธ (angry) / ฉัน (I) / ไหม (question particle)
เขา ชอบ โกหก คุณ	He likes to lie to you.	เขา (he) / ชอบ (likes) / โกหก (lie) / คุณ (you)
ฉัน ทาน ขนมปัง ทุก เช้า	I eat bread every morning.	ฉัน (I) / ทาน (eat) / ขนมปัง (bread) / ทุก (every) / เช้า (morning)
ฉัน ชอบ ขนุน มาก	I like jackfruit a lot.	ฉัน (I) / ชอบ (like) / ขนุน (jackfruit) / มาก (a lot)
นี่ รถ ของเขา	This is his car.	นี่ (this) / รถ (car) / ของเขา (his)
ข้อเท้า เจ็บ มาก ๆ	My ankle hurts a lot.	ข้อเท้า (ankle) / เจ็บ (hurt) / มาก ๆ (very)
ขอโทษ ฉัน ผิด เอง	Sorry, it's my fault.	ขอโทษ (sorry) / ฉัน (I) / ผิด (wrong) / เอง (myself)
ขอบคุณ มาก ครับ	Thank you very much.	ขอบคุณ (thank) / มาก (very) / ครับ (polite particle)
ผม ขอม กิน ข้าว	I would like to eat rice.	ผม (I) / ขอ (would like) / กิน (eat) / ข้าว (rice)
ฉัน ขับรถ ทุกวัน	I drive every day.	ฉัน (I) / ขับรถ (drive) / ทุกวัน (every day)
เรา มอง ข้างหน้า	We look ahead.	เรา (we) / มอง (look) / ข้างหน้า (forward)
เสื้อ นี้ ขาด แล้ว	This shirt is torn.	เสื้อ (shirt) / นี้ (this) / ขาด (torn) / แล้ว (already)
ข้าม สะพาน นี้ เถอะ	Let's cross this bridge.	ข้าม (cross) / สะพาน (bridge) / นี้ (this) / เถอะ (let's)
ฉัน ชอบ ดู ข่าว	I like watching the news.	ฉัน (I) / ชอบ (like) / ดู (watch) / ข่าว (news)
เหม็น ขี้ มาก เลย	Smells really bad.	เหม็น (smelly) / ขี้ (poop) / มาก (very) / เลย (at all)
แบ่ง ขีด สอง เส้น	Divide and draw two lines.	แบ่ง (divide) / ขีด (line) / สอง (two) / เส้น (line)
เขา ขี้เหนียว มาก	He is very stingy.	เขา (he/she) / ขี้เหนียว (stingy) / มาก (very)
เขต นี้ ปลอดภัย	This area is safe.	เขต (area) / นี้ (this) / ปลอดภัย (safe)
เข็ม หัก ง่าย มาก	Needles break very easily.	เข็ม (needle) / หัก (break) / ง่าย (easy) / มาก (very)
แขก มาถึง แล้ว	The guest has arrived.	แขก (guest) / มาถึง (arrived) / แล้ว (already)
เธอ คง มา พรุ่งนี้	She will probably come tomorrow.	เธอ (you) / คง (probably) / มา (come) / พรุ่งนี้ (tomorrow)
คน ขับ รถ ใจดี มาก	The driver is very kind.	คน (person) / ขับ (drive) / รถ (car) / ใจดี (kind) / มาก (very)
แม่ ทำ อาหาร ใน ครัว	Mother is cooking in the kitchen.	แม่ (mother) / ทำ (makes) / อาหาร (food) / ใน (in) / ครัว (kitchen)
คราว ที่ แล้ว	Last time.	คราว (time) / ที่ (that) / แล้ว (past)
เรา ควร กิน ผัก	We should eat vegetables.	เรา (we) / ควร (should) / กิน (eat) / ผัก (vegetables)
ฉัน เห็น ควาย ใน ทุ่ง	I see a buffalo in the field.	ฉัน (I) / เห็น (see) / ควาย (buffalo) / ใน (in) / ทุ่ง (field)
อากาศ วันนี้ ค่อนข้าง เย็น	The weather today is quite cool.	อากาศ (weather) / วันนี้ (today) / ค่อนข้าง (quite) / เย็น (cool)
เราจะค่อย ๆ เรียนรู้	We will gradually learn.	เรา (we) / จะ (will) / ค่อย ๆ (gradually) / เรียนรู้ (learn)
ค่า เท่าไหร่ ครับ	How much does it cost?	ค่า (cost) / เท่าไหร่ (how much) / ครับ (polite particle for men)
ค่า ใช้จ่าย สูง ขึ้น	Costs are increasing.	ค่าใช้จ่าย (cost) / สูงขึ้น (increasing)
เรา จะ มา กิน ค่ำ	We will come for dinner.	เรา (we) / จะ (will) / มา (come) / กิน (eat) / ค่ำ (dinner)
ฉัน คิดถึง คุณ	I miss you.	ฉัน (I) / คิดถึง (miss) / คุณ (you)
คืนนี้ ฝน จะ ตก	Tonight it will rain.	คืนนี้ (tonight) / ฝน (rain) / จะ (will) / ตก (fall)
เธอ ชอบ คุย มาก	She likes to talk a lot.	เธอ (you) / ชอบ (like) / คุย (talk) / มาก (a lot)
ซุป นี้ เค็ม มาก	This soup is very salty.	ซุป (soup) / นี้ (this) / เค็ม (salty) / มาก (very)
เขา ฆ่า ยุง	He killed a mosquito.	เขา (he/she/they) / ฆ่า (kill) / ยุง (mosquito)
งบประมาณ เพิ่ม ขึ้น ทุกปี	The budget increases every year.	งบประมาณ (budget) / เพิ่ม (increase) / ขึ้น (up) / ทุกปี (every year)
งู อยู่ ใน สวน	The snake is in the garden.	งู (snake) / อยู่ (is) / ใน (in) / สวน (garden)
ฉัน ชอบ กิน เงาะ	I like to eat rambutan.	ฉัน (I) / ชอบ (like) / กิน (eat) / เงาะ (rambutan)
ตอนนี้ ห้อง เงียบ มาก	The room is very quiet now.	ตอนนี้ (now) / ห้อง (room) / เงียบ (quiet) / มาก (very)
ฉัน รอ อยู่ จนกระทั่ง ดึก	I waited until late.	ฉัน (I) / รอ (wait) / อยู่ (being) / จนกระทั่ง (until) / ดึก (late at night)
เขา พูด จริง ๆ	He really speaks the truth.	เขา (he/she/they) / พูด (speak) / จริง ๆ (really)
ฉัน จอง โต๊ะ แล้ว	I have reserved a table already.	ฉัน (I) / จอง (book) / โต๊ะ (table) / แล้ว (already)
ฉัน ขี่ จักรยาน ทุกวัน	I ride a bicycle every day.	ฉัน (I) / ขี่ (ride) / จักรยาน (bicycle) / ทุกวัน (every day)
เขา จับ มือ ฉัน	He held my hand.	เขา (He/She/They) / จับ (hold/grasp) / มือ (hand) / ฉัน (me)
หนังสือพิมพ์ ฉบับ นี้	This newspaper issue.	หนังสือพิมพ์ (newspaper) / ฉบับ (issue) / นี้ (this)
แมว ของ คุณ ฉลาด	Your cat is smart.	แมว (cat) / ของ (of) / คุณ (your) / ฉลาด (smart)
ฉัน อยาก กิน ขนม	I want to eat snacks.	ฉัน (I) / อยาก (want) / กิน (eat) / ขนม (snack)
ใช่ ฉันเอง ค่ะ/ครับ	Yes, it's me.	ใช่ (Yes) / ฉัน (I) / เอง (myself) / ค่ะ/ครับ (polite particle for female/male)
หนัง ฉาย ตอน เย็น	The movie is showing in the evening.	หนัง (movie) / ฉาย (show) / ตอน (time) / เย็น (evening)
รายได้ เฉลี่ย ต่อเดือน	Average monthly income.	รายได้ (income) / เฉลี่ย (average) / ต่อเดือน (per month)
เขา ชม ฉันมาก	He praised me a lot.	เขา (he) / ชม (praises) / ฉัน (me) / มาก (a lot)
ฉัน ชอบ กิน ชมพู่	I like eating rose apples.	ฉัน (I) / ชอบ (like) / กิน (eat) / ชมพู่ (rose apple)
ช่าง ตัดผม กำลัง ทำงาน	The hairdresser is working.	ช่าง (craftsperson) / ตัด (cut) / ผม (hair) / กำลัง (is) / ทำงาน (working)
ชาย โสด น่า รัก มาก	Single man, very cute.	ชาย (man) / โสด (single) / น่ารัก (cute) / มาก (very)
เค้ก ชิ้น เล็ก ๆ	Small piece of cake.	เค้ก (cake) / ชิ้น (piece) / เล็ก (small) / ๆ (reduplication marker)
เช็ค เงิน วันนี้	Check the money today.	เช็ค (check) / เงิน (money) / วันนี้ (today)
เช็ด โต๊ะ ทุก เช้า	Wipe the table every morning.	เช็ด (wipe) / โต๊ะ (table) / ทุก (every) / เช้า (morning)
เชิญ นั่ง ตรงนี้ ค่ะ	Please have a seat here.	เชิญ (invite) / นั่ง (sit) / ตรงนี้ (here) / ค่ะ (polite particle)
ใช่ ฉัน เห็น ด้วย	Yes, I agree.	ใช่ (yes) / ฉัน (I) / เห็น (see) / ด้วย (with)
ซอง ใหญ่ มากๆ	The envelope is very big.	ซอง (envelope) / ใหญ่ (big) / มากๆ (very)
ลูก แมว ซ่อน ตัว	The kitten hides.	ลูก (child) / แมว (cat) / ซ่อน (hide) / ตัว (body)
ฉัน อยาก ไป ซาอุดีอาระเบีย	I want to go to Saudi Arabia.	ฉัน (I) / อยาก (want) / ไป (go) / ซาอุดีอาระเบีย (Saudi Arabia)
เขา ซึ่ง เป็น นักเรียน	He, who is a student.	เขา (he) / ซึ่ง (who) / เป็น (is) / นักเรียน (student)
อาหาร ญวน อร่อย มาก	Vietnamese food is very delicious.	อาหาร (food) / ญวน (Vietnamese) / อร่อย (delicious) / มาก (very)
ฉัน ชอบ อาหาร ญี่ปุ่น	I like Japanese food.	ฉัน (I) / ชอบ (like) / อาหาร (food) / ญี่ปุ่น (Japanese)
ฐานะ ทางการเงิน ดี	Financial status is good.	ฐานะ (status) / ทางการเงิน (financial) / ดี (good)
ฉัน อยาก ไป เดนมาร์ก	I want to go to Denmark.	ฉัน (I) / อยาก (want) / ไป (go) / เดนมาร์ก (Denmark)
เขา เดินทาง ไป	He travels.	เขา (he/she/they) / เดินทาง (travel) / ไป (to)
เดี๋ยว ฉัน มา นะ	I'll be right back.	เดี๋ยว (soon) / ฉัน (I) / มา (come) / นะ (okay)
อากาศ ร้อน เพราะ แดด	The weather is hot because of the sun.	อากาศ (weather) / ร้อน (hot) / เพราะ (because) / แดด (sun)
ตกลง ไป พรุ่งนี้	Okay, going tomorrow.	ตกลง (agree) / ไป (go) / พรุ่งนี้ (tomorrow)
เดิน ตรงไป เลย ครับ	Walk straight ahead.	เดิน (walk) / ตรงไป (straight) / เลย (past) / ครับ (sir)
ตอนนี้ ฉัน กำลัง อ่าน	I am reading now.	ตอนนี้ (now) / ฉัน (I) / กำลัง (am) / อ่าน (reading)
ฉัน กลับ บ้าน ตอน เย็น	I return home in the evening.	ฉัน (I) / กลับ (return) / บ้าน (home) / ตอนเย็น (evening)
เขา ไม่ ตอบ โทรศัพท์	He doesn't answer the phone.	เขา (he, she, they) / ไม่ (not) / ตอบ (answer) / โทรศัพท์ (phone)
ดวง อาทิตย์ ตก ตะวัน ตก	The sun sets in the west.	ดวงอาทิตย์ (sun) / ตก (set) / ตะวันตก (west)
พระอาทิตย์ ขึ้น ตะวันออก	The sun rises in the east.	พระอาทิตย์ (sun) / ขึ้น (rise) / ตะวันออก (east)
เขา ตั้งใจ เรียน มาก	He studies very diligently.	เขา (he/she/they) / ตั้งใจ (intend) / เรียน (study) / มาก (a lot)
สถานที่ ต่างๆ น่าสนใจ	Various places are interesting.	สถานที่ (place) / ต่างๆ (various) / น่าสนใจ (interesting)
ฉัน อยู่ ตำบล นี้	I live in this district.	ฉัน (I) / อยู่ (am) / ตำบล (subdistrict) / นี้ (this)
รถ ติด ตอน เย็น	Traffic jam in the evening.	รถ (car) / ติด (stuck) / ตอน (during) / เย็น (evening)
ฉัน ติดต่อ คุณ	I contacted you.	ฉัน (I) / ติดต่อ (contact) / คุณ (you)
ฉัน ตื่น สาย วันนี้	I woke up late today.	ฉัน (I) / ตื่น (wake) / สาย (late) / วันนี้ (today)
ฉัน ไป ตุรกี	I went to Turkey.	ฉัน (I) / ไป (go) / ตุรกี (Turkey)
เตรียม เอกสาร สำหรับ ประชุม	Prepare documents for the meeting.	เตรียม (prepare) / เอกสาร (documents) / สำหรับ (for) / ประชุม (meeting)
เต่า ว่าย ใน น้ำ	The turtle swims in the water.	เต่า (turtle) / ว่าย (swim) / ใน (in) / น้ำ (water)
เตียง ของ ฉัน นุ่ม	My bed is soft.	เตียง (bed) / ของ (of) / ฉัน (my) / นุ่ม (soft)
แก้วน้ำ แตก แล้ว	The glass is broken.	แก้ว (glass) / น้ำ (water) / แตก (broken) / แล้ว (already)
ฉัน อยาก ไป ไต้หวัน	I want to go to Taiwan.	ฉัน (I) / อยาก (want) / ไป (go) / ไต้หวัน (Taiwan)
ฉัน ชอบ กิน ถั่ว	I like eating beans.	ฉัน (I) / ชอบ (like) / กิน (eat) / ถั่ว (beans)
ฉัน ชอบ ถั่วลิสง	I like peanuts.	ฉัน (I) / ชอบ (like) / ถั่วลิสง (peanuts)
คุณ ถือ กระเป๋า	You hold the bag.	คุณ (you) / ถือ (hold) / กระเป๋า (bag)
ฉัน ลืม ถุง ไว้	I forgot my bag.	ฉัน (I) / ลืม (forgot) / ถุง (bag) / ไว้ (left)
ถุงเท้า ของ ฉัน หาย	My socks are missing.	ถุงเท้า (socks) / ของ (of) / ฉัน (my) / หาย (missing)
ฉัน ถู บ้าน ทุกวัน	I mop the house every day.	ฉัน (I) / ถู (mop) / บ้าน (house) / ทุกวัน (every day)
แถว นี้ มี ร้านค้า	There are shops around here.	แถว (area) / นี้ (this) / มี (have) / ร้านค้า (shops)
เธอ ทน ไม่ไหวแล้ว	She can't take it anymore.	เธอ (you) / ทน (endure) / ไม่ไหวแล้ว (cannot anymore)